domain,algorithm,depth,trial,seed,node_expansions,solution_length,depth_capped,solved,retained_sum,internal_nodes,runtime_ms
GameTree,MiniMax,4,1,801,341,5,false,true,340,85,0
GameTree,AlphaBeta,4,1,801,185,5,false,true,132,52,0
GameTree,MiniMax,4,2,802,341,5,false,true,340,85,0
GameTree,AlphaBeta,4,2,802,165,5,false,true,118,46,0
GameTree,MiniMax,4,3,803,341,5,false,true,340,85,0
GameTree,AlphaBeta,4,3,803,158,5,false,true,109,48,0
GameTree,MiniMax,4,4,804,341,5,false,true,340,85,0
GameTree,AlphaBeta,4,4,804,109,5,false,true,73,35,0
GameTree,MiniMax,4,5,805,341,5,false,true,340,85,0
GameTree,AlphaBeta,4,5,805,160,5,false,true,109,50,0
GameTree,MiniMax,4,6,806,341,5,false,true,340,85,0
GameTree,AlphaBeta,4,6,806,141,5,false,true,96,44,0
GameTree,MiniMax,4,7,807,341,5,false,true,340,85,0
GameTree,AlphaBeta,4,7,807,121,5,false,true,81,39,0
GameTree,MiniMax,4,8,808,341,5,false,true,340,85,0
GameTree,AlphaBeta,4,8,808,159,5,false,true,115,43,0
GameTree,MiniMax,4,9,809,341,5,false,true,340,85,0
GameTree,AlphaBeta,4,9,809,169,5,false,true,117,51,0
GameTree,MiniMax,4,10,810,341,5,false,true,340,85,0
GameTree,AlphaBeta,4,10,810,170,5,false,true,119,50,0
GameTree,MiniMax,4,11,811,341,5,false,true,340,85,0
GameTree,AlphaBeta,4,11,811,154,5,false,true,107,46,0
GameTree,MiniMax,4,12,812,341,5,false,true,340,85,0
GameTree,AlphaBeta,4,12,812,122,5,false,true,80,41,0
GameTree,MiniMax,4,13,813,341,5,false,true,340,85,0
GameTree,AlphaBeta,4,13,813,182,5,false,true,124,57,0
GameTree,MiniMax,4,14,814,341,5,false,true,340,85,0
GameTree,AlphaBeta,4,14,814,177,5,false,true,124,52,0
GameTree,MiniMax,4,15,815,341,5,false,true,340,85,0
GameTree,AlphaBeta,4,15,815,153,5,false,true,104,48,0
GameTree,MiniMax,4,16,816,341,5,false,true,340,85,0
GameTree,AlphaBeta,4,16,816,191,5,false,true,134,56,0
GameTree,MiniMax,4,17,817,341,5,false,true,340,85,0
GameTree,AlphaBeta,4,17,817,89,5,false,true,58,30,0
GameTree,MiniMax,4,18,818,341,5,false,true,340,85,0
GameTree,AlphaBeta,4,18,818,130,5,false,true,91,38,0
GameTree,MiniMax,4,19,819,341,5,false,true,340,85,0
GameTree,AlphaBeta,4,19,819,148,5,false,true,102,45,0
GameTree,MiniMax,4,20,820,341,5,false,true,340,85,0
GameTree,AlphaBeta,4,20,820,139,5,false,true,92,46,0
GameTree,MiniMax,4,21,821,341,5,false,true,340,85,0
GameTree,AlphaBeta,4,21,821,185,5,false,true,131,53,0
GameTree,MiniMax,4,22,822,341,5,false,true,340,85,0
GameTree,AlphaBeta,4,22,822,129,5,false,true,89,39,0
GameTree,MiniMax,4,23,823,341,5,false,true,340,85,0
GameTree,AlphaBeta,4,23,823,118,5,false,true,80,37,0
GameTree,MiniMax,4,24,824,341,5,false,true,340,85,0
GameTree,AlphaBeta,4,24,824,180,5,false,true,123,56,0
GameTree,MiniMax,4,25,825,341,5,false,true,340,85,0
GameTree,AlphaBeta,4,25,825,186,5,false,true,128,57,0
GameTree,MiniMax,4,26,826,341,5,false,true,340,85,0
GameTree,AlphaBeta,4,26,826,163,5,false,true,117,45,0
GameTree,MiniMax,4,27,827,341,5,false,true,340,85,0
GameTree,AlphaBeta,4,27,827,129,5,false,true,89,39,0
GameTree,MiniMax,4,28,828,341,5,false,true,340,85,0
GameTree,AlphaBeta,4,28,828,139,5,false,true,98,40,0
GameTree,MiniMax,4,29,829,341,5,false,true,340,85,0
GameTree,AlphaBeta,4,29,829,110,5,false,true,74,35,0
GameTree,MiniMax,4,30,830,341,5,false,true,340,85,0
GameTree,AlphaBeta,4,30,830,147,5,false,true,98,48,0
GameTree,MiniMax,6,1,1201,5461,7,false,true,5460,1365,0
GameTree,AlphaBeta,6,1,1201,1150,7,false,true,789,360,0
GameTree,MiniMax,6,2,1202,5461,7,false,true,5460,1365,0
GameTree,AlphaBeta,6,2,1202,1266,7,false,true,865,400,0
GameTree,MiniMax,6,3,1203,5461,7,false,true,5460,1365,0
GameTree,AlphaBeta,6,3,1203,1309,7,false,true,869,439,0
GameTree,MiniMax,6,4,1204,5461,7,false,true,5460,1365,0
GameTree,AlphaBeta,6,4,1204,1281,7,false,true,870,410,0
GameTree,MiniMax,6,5,1205,5461,7,false,true,5460,1365,0
GameTree,AlphaBeta,6,5,1205,1382,7,false,true,926,455,0
GameTree,MiniMax,6,6,1206,5461,7,false,true,5460,1365,0
GameTree,AlphaBeta,6,6,1206,1252,7,false,true,839,412,0
GameTree,MiniMax,6,7,1207,5461,7,false,true,5460,1365,0
GameTree,AlphaBeta,6,7,1207,1326,7,false,true,906,419,0
GameTree,MiniMax,6,8,1208,5461,7,false,true,5460,1365,0
GameTree,AlphaBeta,6,8,1208,1293,7,false,true,863,429,0
GameTree,MiniMax,6,9,1209,5461,7,false,true,5460,1365,0
GameTree,AlphaBeta,6,9,1209,605,7,false,true,401,203,0
GameTree,MiniMax,6,10,1210,5461,7,false,true,5460,1365,0
GameTree,AlphaBeta,6,10,1210,1358,7,false,true,925,432,0
GameTree,MiniMax,6,11,1211,5461,7,false,true,5460,1365,0
GameTree,AlphaBeta,6,11,1211,1505,7,false,true,1012,492,0
GameTree,MiniMax,6,12,1212,5461,7,false,true,5460,1365,0
GameTree,AlphaBeta,6,12,1212,1077,7,false,true,724,352,0
GameTree,MiniMax,6,13,1213,5461,7,false,true,5460,1365,0
GameTree,AlphaBeta,6,13,1213,1328,7,false,true,901,426,0
GameTree,MiniMax,6,14,1214,5461,7,false,true,5460,1365,0
GameTree,AlphaBeta,6,14,1214,1098,7,false,true,728,369,0
GameTree,MiniMax,6,15,1215,5461,7,false,true,5460,1365,0
GameTree,AlphaBeta,6,15,1215,1083,7,false,true,729,353,0
GameTree,MiniMax,6,16,1216,5461,7,false,true,5460,1365,0
GameTree,AlphaBeta,6,16,1216,1343,7,false,true,895,447,0
GameTree,MiniMax,6,17,1217,5461,7,false,true,5460,1365,0
GameTree,AlphaBeta,6,17,1217,1341,7,false,true,916,424,0
GameTree,MiniMax,6,18,1218,5461,7,false,true,5460,1365,0
GameTree,AlphaBeta,6,18,1218,1012,7,false,true,681,330,0
GameTree,MiniMax,6,19,1219,5461,7,false,true,5460,1365,0
GameTree,AlphaBeta,6,19,1219,1258,7,false,true,864,393,0
GameTree,MiniMax,6,20,1220,5461,7,false,true,5460,1365,0
GameTree,AlphaBeta,6,20,1220,1297,7,false,true,868,428,0
GameTree,MiniMax,6,21,1221,5461,7,false,true,5460,1365,0
GameTree,AlphaBeta,6,21,1221,1208,7,false,true,824,383,0
GameTree,MiniMax,6,22,1222,5461,7,false,true,5460,1365,0
GameTree,AlphaBeta,6,22,1222,1042,7,false,true,704,337,0
GameTree,MiniMax,6,23,1223,5461,7,false,true,5460,1365,0
GameTree,AlphaBeta,6,23,1223,1014,7,false,true,674,339,0
GameTree,MiniMax,6,24,1224,5461,7,false,true,5460,1365,0
GameTree,AlphaBeta,6,24,1224,1502,7,false,true,1016,485,0
GameTree,MiniMax,6,25,1225,5461,7,false,true,5460,1365,0
GameTree,AlphaBeta,6,25,1225,1510,7,false,true,1020,489,0
GameTree,MiniMax,6,26,1226,5461,7,false,true,5460,1365,0
GameTree,AlphaBeta,6,26,1226,1139,7,false,true,780,358,0
GameTree,MiniMax,6,27,1227,5461,7,false,true,5460,1365,0
GameTree,AlphaBeta,6,27,1227,1246,7,false,true,826,419,0
GameTree,MiniMax,6,28,1228,5461,7,false,true,5460,1365,0
GameTree,AlphaBeta,6,28,1228,1140,7,false,true,763,376,0
GameTree,MiniMax,6,29,1229,5461,7,false,true,5460,1365,0
GameTree,AlphaBeta,6,29,1229,872,7,false,true,596,275,0
GameTree,MiniMax,6,30,1230,5461,7,false,true,5460,1365,0
GameTree,AlphaBeta,6,30,1230,1173,7,false,true,794,378,0
GameTree,MiniMax,8,1,1601,87381,9,false,true,87380,21845,0
GameTree,AlphaBeta,8,1,1601,8766,9,false,true,5875,2890,0
GameTree,MiniMax,8,2,1602,87381,9,false,true,87380,21845,0
GameTree,AlphaBeta,8,2,1602,8668,9,false,true,5802,2865,0
GameTree,MiniMax,8,3,1603,87381,9,false,true,87380,21845,0
GameTree,AlphaBeta,8,3,1603,8107,9,false,true,5399,2707,0
GameTree,MiniMax,8,4,1604,87381,9,false,true,87380,21845,0
GameTree,AlphaBeta,8,4,1604,7402,9,false,true,4982,2419,0
GameTree,MiniMax,8,5,1605,87381,9,false,true,87380,21845,0
GameTree,AlphaBeta,8,5,1605,7432,9,false,true,4990,2441,0
GameTree,MiniMax,8,6,1606,87381,9,false,true,87380,21845,0
GameTree,AlphaBeta,8,6,1606,7593,9,false,true,5002,2590,0
GameTree,MiniMax,8,7,1607,87381,9,false,true,87380,21845,0
GameTree,AlphaBeta,8,7,1607,6963,9,false,true,4669,2293,0
GameTree,MiniMax,8,8,1608,87381,9,false,true,87380,21845,0
GameTree,AlphaBeta,8,8,1608,9534,9,false,true,6352,3181,0
GameTree,MiniMax,8,9,1609,87381,9,false,true,87380,21845,0
GameTree,AlphaBeta,8,9,1609,7481,9,false,true,4991,2489,0
GameTree,MiniMax,8,10,1610,87381,9,false,true,87380,21845,0
GameTree,AlphaBeta,8,10,1610,9927,9,false,true,6607,3319,0
GameTree,MiniMax,8,11,1611,87381,9,false,true,87380,21845,0
GameTree,AlphaBeta,8,11,1611,10414,9,false,true,6906,3507,0
GameTree,MiniMax,8,12,1612,87381,9,false,true,87380,21845,0
GameTree,AlphaBeta,8,12,1612,6966,9,false,true,4598,2367,0
GameTree,MiniMax,8,13,1613,87381,9,false,true,87380,21845,0
GameTree,AlphaBeta,8,13,1613,8375,9,false,true,5613,2761,0
GameTree,MiniMax,8,14,1614,87381,9,false,true,87380,21845,0
GameTree,AlphaBeta,8,14,1614,8376,9,false,true,5569,2806,0
GameTree,MiniMax,8,15,1615,87381,9,false,true,87380,21845,0
GameTree,AlphaBeta,8,15,1615,6470,9,false,true,4379,2090,0
GameTree,MiniMax,8,16,1616,87381,9,false,true,87380,21845,0
GameTree,AlphaBeta,8,16,1616,8396,9,false,true,5589,2806,0
GameTree,MiniMax,8,17,1617,87381,9,false,true,87380,21845,0
GameTree,AlphaBeta,8,17,1617,8793,9,false,true,5908,2884,0
GameTree,MiniMax,8,18,1618,87381,9,false,true,87380,21845,0
GameTree,AlphaBeta,8,18,1618,8474,9,false,true,5632,2841,0
GameTree,MiniMax,8,19,1619,87381,9,false,true,87380,21845,0
GameTree,AlphaBeta,8,19,1619,8787,9,false,true,5917,2869,0
GameTree,MiniMax,8,20,1620,87381,9,false,true,87380,21845,0
GameTree,AlphaBeta,8,20,1620,10016,9,false,true,6686,3329,0
GameTree,MiniMax,8,21,1621,87381,9,false,true,87380,21845,0
GameTree,AlphaBeta,8,21,1621,9907,9,false,true,6612,3294,0
GameTree,MiniMax,8,22,1622,87381,9,false,true,87380,21845,0
GameTree,AlphaBeta,8,22,1622,9628,9,false,true,6468,3159,0
GameTree,MiniMax,8,23,1623,87381,9,false,true,87380,21845,0
GameTree,AlphaBeta,8,23,1623,9073,9,false,true,6054,3018,0
GameTree,MiniMax,8,24,1624,87381,9,false,true,87380,21845,0
GameTree,AlphaBeta,8,24,1624,8884,9,false,true,5949,2934,0
GameTree,MiniMax,8,25,1625,87381,9,false,true,87380,21845,0
GameTree,AlphaBeta,8,25,1625,9414,9,false,true,6253,3160,0
GameTree,MiniMax,8,26,1626,87381,9,false,true,87380,21845,0
GameTree,AlphaBeta,8,26,1626,7362,9,false,true,4902,2459,0
GameTree,MiniMax,8,27,1627,87381,9,false,true,87380,21845,0
GameTree,AlphaBeta,8,27,1627,7872,9,false,true,5296,2575,0
GameTree,MiniMax,8,28,1628,87381,9,false,true,87380,21845,0
GameTree,AlphaBeta,8,28,1628,6572,9,false,true,4415,2156,0
GameTree,MiniMax,8,29,1629,87381,9,false,true,87380,21845,0
GameTree,AlphaBeta,8,29,1629,8206,9,false,true,5507,2698,0
GameTree,MiniMax,8,30,1630,87381,9,false,true,87380,21845,0
GameTree,AlphaBeta,8,30,1630,10592,9,false,true,7125,3466,0
GameTree,MiniMax,10,1,2001,1398101,11,false,true,1398100,349525,5
GameTree,AlphaBeta,10,1,2001,49859,11,false,true,33146,16712,1
GameTree,MiniMax,10,2,2002,1398101,11,false,true,1398100,349525,4
GameTree,AlphaBeta,10,2,2002,68559,11,false,true,45648,22910,1
GameTree,MiniMax,10,3,2003,1398101,11,false,true,1398100,349525,6
GameTree,AlphaBeta,10,3,2003,50656,11,false,true,33659,16996,1
GameTree,MiniMax,10,4,2004,1398101,11,false,true,1398100,349525,5
GameTree,AlphaBeta,10,4,2004,59849,11,false,true,39601,20247,1
GameTree,MiniMax,10,5,2005,1398101,11,false,true,1398100,349525,4
GameTree,AlphaBeta,10,5,2005,36378,11,false,true,24199,12178,0
GameTree,MiniMax,10,6,2006,1398101,11,false,true,1398100,349525,5
GameTree,AlphaBeta,10,6,2006,60220,11,false,true,40001,20218,1
GameTree,MiniMax,10,7,2007,1398101,11,false,true,1398100,349525,4
GameTree,AlphaBeta,10,7,2007,60224,11,false,true,39899,20324,1
GameTree,MiniMax,10,8,2008,1398101,11,false,true,1398100,349525,4
GameTree,AlphaBeta,10,8,2008,48546,11,false,true,32189,16356,1
GameTree,MiniMax,10,9,2009,1398101,11,false,true,1398100,349525,4
GameTree,AlphaBeta,10,9,2009,51526,11,false,true,34308,17217,1
GameTree,MiniMax,10,10,2010,1398101,11,false,true,1398100,349525,4
GameTree,AlphaBeta,10,10,2010,56419,11,false,true,37349,19069,1
GameTree,MiniMax,10,11,2011,1398101,11,false,true,1398100,349525,4
GameTree,AlphaBeta,10,11,2011,48277,11,false,true,32090,16186,1
GameTree,MiniMax,10,12,2012,1398101,11,false,true,1398100,349525,4
GameTree,AlphaBeta,10,12,2012,58267,11,false,true,38606,19660,1
GameTree,MiniMax,10,13,2013,1398101,11,false,true,1398100,349525,4
GameTree,AlphaBeta,10,13,2013,59143,11,false,true,39297,19845,1
GameTree,MiniMax,10,14,2014,1398101,11,false,true,1398100,349525,5
GameTree,AlphaBeta,10,14,2014,65874,11,false,true,43854,22019,2
GameTree,MiniMax,10,15,2015,1398101,11,false,true,1398100,349525,5
GameTree,AlphaBeta,10,15,2015,40147,11,false,true,26759,13387,1
GameTree,MiniMax,10,16,2016,1398101,11,false,true,1398100,349525,4
GameTree,AlphaBeta,10,16,2016,61628,11,false,true,40953,20674,1
GameTree,MiniMax,10,17,2017,1398101,11,false,true,1398100,349525,4
GameTree,AlphaBeta,10,17,2017,55878,11,false,true,37110,18767,1
GameTree,MiniMax,10,18,2018,1398101,11,false,true,1398100,349525,4
GameTree,AlphaBeta,10,18,2018,79264,11,false,true,52697,26566,2
GameTree,MiniMax,10,19,2019,1398101,11,false,true,1398100,349525,4
GameTree,AlphaBeta,10,19,2019,34338,11,false,true,23007,11330,0
GameTree,MiniMax,10,20,2020,1398101,11,false,true,1398100,349525,4
GameTree,AlphaBeta,10,20,2020,44726,11,false,true,29636,15089,1
GameTree,MiniMax,10,21,2021,1398101,11,false,true,1398100,349525,4
GameTree,AlphaBeta,10,21,2021,59617,11,false,true,39620,19996,1
GameTree,MiniMax,10,22,2022,1398101,11,false,true,1398100,349525,5
GameTree,AlphaBeta,10,22,2022,53403,11,false,true,35329,18073,1
GameTree,MiniMax,10,23,2023,1398101,11,false,true,1398100,349525,5
GameTree,AlphaBeta,10,23,2023,70063,11,false,true,46410,23652,1
GameTree,MiniMax,10,24,2024,1398101,11,false,true,1398100,349525,4
GameTree,AlphaBeta,10,24,2024,37310,11,false,true,24798,12511,0
GameTree,MiniMax,10,25,2025,1398101,11,false,true,1398100,349525,4
GameTree,AlphaBeta,10,25,2025,57087,11,false,true,37887,19199,1
GameTree,MiniMax,10,26,2026,1398101,11,false,true,1398100,349525,5
GameTree,AlphaBeta,10,26,2026,52660,11,false,true,34897,17762,1
GameTree,MiniMax,10,27,2027,1398101,11,false,true,1398100,349525,4
GameTree,AlphaBeta,10,27,2027,49007,11,false,true,32670,16336,1
GameTree,MiniMax,10,28,2028,1398101,11,false,true,1398100,349525,5
GameTree,AlphaBeta,10,28,2028,69613,11,false,true,46275,23337,2
GameTree,MiniMax,10,29,2029,1398101,11,false,true,1398100,349525,4
GameTree,AlphaBeta,10,29,2029,47257,11,false,true,31483,15773,1
GameTree,MiniMax,10,30,2030,1398101,11,false,true,1398100,349525,4
GameTree,AlphaBeta,10,30,2030,47770,11,false,true,31753,16016,1
GameTree,MiniMax,12,1,2401,1398101,11,true,true,1398100,349525,4
GameTree,AlphaBeta,12,1,2401,60682,11,true,true,40184,20497,1
GameTree,MiniMax,12,2,2402,1398101,11,true,true,1398100,349525,4
GameTree,AlphaBeta,12,2,2402,49180,11,true,true,32775,16404,1
GameTree,MiniMax,12,3,2403,1398101,11,true,true,1398100,349525,5
GameTree,AlphaBeta,12,3,2403,42338,11,true,true,28099,14238,1
GameTree,MiniMax,12,4,2404,1398101,11,true,true,1398100,349525,4
GameTree,AlphaBeta,12,4,2404,53366,11,true,true,35451,17914,1
GameTree,MiniMax,12,5,2405,1398101,11,true,true,1398100,349525,4
GameTree,AlphaBeta,12,5,2405,60374,11,true,true,40176,20197,1
GameTree,MiniMax,12,6,2406,1398101,11,true,true,1398100,349525,4
GameTree,AlphaBeta,12,6,2406,61319,11,true,true,40659,20659,1
GameTree,MiniMax,12,7,2407,1398101,11,true,true,1398100,349525,5
GameTree,AlphaBeta,12,7,2407,40631,11,true,true,27127,13503,1
GameTree,MiniMax,12,8,2408,1398101,11,true,true,1398100,349525,4
GameTree,AlphaBeta,12,8,2408,54791,11,true,true,36142,18648,1
GameTree,MiniMax,12,9,2409,1398101,11,true,true,1398100,349525,4
GameTree,AlphaBeta,12,9,2409,44477,11,true,true,29501,14975,1
GameTree,MiniMax,12,10,2410,1398101,11,true,true,1398100,349525,4
GameTree,AlphaBeta,12,10,2410,50079,11,true,true,33251,16827,1
GameTree,MiniMax,12,11,2411,1398101,11,true,true,1398100,349525,5
GameTree,AlphaBeta,12,11,2411,55734,11,true,true,36980,18753,1
GameTree,MiniMax,12,12,2412,1398101,11,true,true,1398100,349525,4
GameTree,AlphaBeta,12,12,2412,52488,11,true,true,34783,17704,1
GameTree,MiniMax,12,13,2413,1398101,11,true,true,1398100,349525,4
GameTree,AlphaBeta,12,13,2413,52430,11,true,true,34653,17776,1
GameTree,MiniMax,12,14,2414,1398101,11,true,true,1398100,349525,4
GameTree,AlphaBeta,12,14,2414,45156,11,true,true,29782,15373,1
GameTree,MiniMax,12,15,2415,1398101,11,true,true,1398100,349525,4
GameTree,AlphaBeta,12,15,2415,65611,11,true,true,43547,22063,1
GameTree,MiniMax,12,16,2416,1398101,11,true,true,1398100,349525,4
GameTree,AlphaBeta,12,16,2416,48799,11,true,true,32596,16202,1
GameTree,MiniMax,12,17,2417,1398101,11,true,true,1398100,349525,4
GameTree,AlphaBeta,12,17,2417,54037,11,true,true,35801,18235,1
GameTree,MiniMax,12,18,2418,1398101,11,true,true,1398100,349525,4
GameTree,AlphaBeta,12,18,2418,58157,11,true,true,38610,19546,1
GameTree,MiniMax,12,19,2419,1398101,11,true,true,1398100,349525,4
GameTree,AlphaBeta,12,19,2419,63595,11,true,true,42147,21447,1
GameTree,MiniMax,12,20,2420,1398101,11,true,true,1398100,349525,4
GameTree,AlphaBeta,12,20,2420,56614,11,true,true,37754,18859,1
GameTree,MiniMax,12,21,2421,1398101,11,true,true,1398100,349525,4
GameTree,AlphaBeta,12,21,2421,51465,11,true,true,34222,17242,1
GameTree,MiniMax,12,22,2422,1398101,11,true,true,1398100,349525,4
GameTree,AlphaBeta,12,22,2422,44659,11,true,true,29629,15029,1
GameTree,MiniMax,12,23,2423,1398101,11,true,true,1398100,349525,4
GameTree,AlphaBeta,12,23,2423,52827,11,true,true,35188,17638,1
GameTree,MiniMax,12,24,2424,1398101,11,true,true,1398100,349525,4
GameTree,AlphaBeta,12,24,2424,46567,11,true,true,31032,15534,1
GameTree,MiniMax,12,25,2425,1398101,11,true,true,1398100,349525,4
GameTree,AlphaBeta,12,25,2425,45744,11,true,true,30315,15428,1
GameTree,MiniMax,12,26,2426,1398101,11,true,true,1398100,349525,4
GameTree,AlphaBeta,12,26,2426,46034,11,true,true,30556,15477,1
GameTree,MiniMax,12,27,2427,1398101,11,true,true,1398100,349525,5
GameTree,AlphaBeta,12,27,2427,51028,11,true,true,33754,17273,1
GameTree,MiniMax,12,28,2428,1398101,11,true,true,1398100,349525,5
GameTree,AlphaBeta,12,28,2428,40500,11,true,true,27018,13481,1
GameTree,MiniMax,12,29,2429,1398101,11,true,true,1398100,349525,5
GameTree,AlphaBeta,12,29,2429,58339,11,true,true,38812,19526,1
GameTree,MiniMax,12,30,2430,1398101,11,true,true,1398100,349525,5
GameTree,AlphaBeta,12,30,2430,62874,11,true,true,41795,21078,1
