domain,algorithm,depth,trial,seed,node_expansions,path_length,solved,capped,path_cost,runtime_ms
Grid,BFS,4,1,401,218,31,true,false,167,0
Grid,BFS,4,2,402,228,31,true,false,162,0
Grid,BFS,4,3,403,227,31,true,false,151,0
Grid,BFS,4,4,404,227,31,true,false,171,0
Grid,BFS,4,5,405,221,31,true,false,152,0
Grid,BFS,4,6,406,234,31,true,false,159,0
Grid,BFS,4,7,407,220,31,true,false,199,0
Grid,BFS,4,8,408,221,31,true,false,181,0
Grid,BFS,4,9,409,207,31,true,false,170,1
Grid,BFS,4,10,410,218,31,true,false,157,0
Grid,BFS,4,11,411,222,31,true,false,177,0
Grid,BFS,4,12,412,226,31,true,false,135,0
Grid,BFS,4,13,413,222,31,true,false,148,0
Grid,BFS,4,14,414,219,31,true,false,163,0
Grid,BFS,4,15,415,224,31,true,false,183,0
Grid,BFS,4,16,416,216,31,true,false,175,0
Grid,BFS,4,17,417,227,31,true,false,170,0
Grid,BFS,4,18,418,222,31,true,false,144,0
Grid,BFS,4,19,419,223,31,true,false,190,1
Grid,BFS,4,20,420,229,31,true,false,185,0
Grid,BFS,4,21,421,219,31,true,false,158,0
Grid,BFS,4,22,422,230,31,true,false,181,0
Grid,BFS,4,23,423,218,31,true,false,171,0
Grid,BFS,4,24,424,229,31,true,false,175,0
Grid,BFS,4,25,425,216,31,true,false,189,0
Grid,BFS,4,26,426,220,31,true,false,160,0
Grid,BFS,4,27,427,224,31,true,false,158,0
Grid,BFS,4,28,428,222,31,true,false,170,0
Grid,BFS,4,29,429,217,31,true,false,191,0
Grid,BFS,4,30,430,221,31,true,false,143,0
Grid,Dijkstra,4,1,401,213,31,true,false,102,0
Grid,Dijkstra,4,2,402,228,31,true,false,133,0
Grid,Dijkstra,4,3,403,223,31,true,false,111,0
Grid,Dijkstra,4,4,404,225,31,true,false,116,0
Grid,Dijkstra,4,5,405,210,31,true,false,117,0
Grid,Dijkstra,4,6,406,234,31,true,false,122,0
Grid,Dijkstra,4,7,407,220,31,true,false,128,0
Grid,Dijkstra,4,8,408,221,31,true,false,100,0
Grid,Dijkstra,4,9,409,201,31,true,false,124,0
Grid,Dijkstra,4,10,410,218,31,true,false,111,0
Grid,Dijkstra,4,11,411,222,31,true,false,141,0
Grid,Dijkstra,4,12,412,222,31,true,false,108,0
Grid,Dijkstra,4,13,413,222,31,true,false,136,0
Grid,Dijkstra,4,14,414,217,33,true,false,122,0
Grid,Dijkstra,4,15,415,224,31,true,false,116,0
Grid,Dijkstra,4,16,416,216,33,true,false,111,0
Grid,Dijkstra,4,17,417,226,31,true,false,129,0
Grid,Dijkstra,4,18,418,222,31,true,false,110,0
Grid,Dijkstra,4,19,419,223,31,true,false,125,0
Grid,Dijkstra,4,20,420,228,31,true,false,114,0
Grid,Dijkstra,4,21,421,217,31,true,false,113,0
Grid,Dijkstra,4,22,422,223,31,true,false,112,0
Grid,Dijkstra,4,23,423,218,31,true,false,130,0
Grid,Dijkstra,4,24,424,229,31,true,false,134,0
Grid,Dijkstra,4,25,425,208,33,true,false,104,0
Grid,Dijkstra,4,26,426,219,33,true,false,118,0
Grid,Dijkstra,4,27,427,218,31,true,false,113,0
Grid,Dijkstra,4,28,428,221,33,true,false,111,0
Grid,Dijkstra,4,29,429,215,31,true,false,133,0
Grid,Dijkstra,4,30,430,219,31,true,false,119,0
Grid,A*,4,1,401,209,31,true,false,102,0
Grid,A*,4,2,402,228,31,true,false,133,0
Grid,A*,4,3,403,219,31,true,false,111,0
Grid,A*,4,4,404,224,31,true,false,116,0
Grid,A*,4,5,405,204,31,true,false,117,0
Grid,A*,4,6,406,234,31,true,false,122,0
Grid,A*,4,7,407,220,31,true,false,128,0
Grid,A*,4,8,408,220,31,true,false,100,0
Grid,A*,4,9,409,188,31,true,false,124,0
Grid,A*,4,10,410,218,31,true,false,111,0
Grid,A*,4,11,411,221,31,true,false,141,0
Grid,A*,4,12,412,212,31,true,false,108,0
Grid,A*,4,13,413,222,31,true,false,136,0
Grid,A*,4,14,414,216,33,true,false,122,0
Grid,A*,4,15,415,223,31,true,false,116,0
Grid,A*,4,16,416,216,33,true,false,111,0
Grid,A*,4,17,417,226,31,true,false,129,0
Grid,A*,4,18,418,221,31,true,false,110,0
Grid,A*,4,19,419,222,31,true,false,125,0
Grid,A*,4,20,420,218,31,true,false,114,0
Grid,A*,4,21,421,207,31,true,false,113,0
Grid,A*,4,22,422,219,31,true,false,112,0
Grid,A*,4,23,423,218,31,true,false,130,0
Grid,A*,4,24,424,228,31,true,false,134,0
Grid,A*,4,25,425,189,33,true,false,104,0
Grid,A*,4,26,426,216,33,true,false,118,0
Grid,A*,4,27,427,211,31,true,false,113,0
Grid,A*,4,28,428,221,33,true,false,111,0
Grid,A*,4,29,429,215,31,true,false,133,0
Grid,A*,4,30,430,213,31,true,false,119,0
Grid,WA*(1.5),4,1,401,199,31,true,false,102,0
Grid,WA*(1.5),4,2,402,228,31,true,false,133,0
Grid,WA*(1.5),4,3,403,211,31,true,false,111,0
Grid,WA*(1.5),4,4,404,222,31,true,false,116,0
Grid,WA*(1.5),4,5,405,201,31,true,false,117,0
Grid,WA*(1.5),4,6,406,233,31,true,false,122,0
Grid,WA*(1.5),4,7,407,220,31,true,false,128,0
Grid,WA*(1.5),4,8,408,212,31,true,false,100,0
Grid,WA*(1.5),4,9,409,176,31,true,false,124,0
Grid,WA*(1.5),4,10,410,218,31,true,false,111,0
Grid,WA*(1.5),4,11,411,214,31,true,false,141,0
Grid,WA*(1.5),4,12,412,197,31,true,false,108,0
Grid,WA*(1.5),4,13,413,221,31,true,false,136,0
Grid,WA*(1.5),4,14,414,215,33,true,false,122,0
Grid,WA*(1.5),4,15,415,223,31,true,false,116,0
Grid,WA*(1.5),4,16,416,212,33,true,false,111,0
Grid,WA*(1.5),4,17,417,225,31,true,false,129,0
Grid,WA*(1.5),4,18,418,221,31,true,false,110,0
Grid,WA*(1.5),4,19,419,217,31,true,false,125,0
Grid,WA*(1.5),4,20,420,213,31,true,false,114,0
Grid,WA*(1.5),4,21,421,196,31,true,false,113,0
Grid,WA*(1.5),4,22,422,211,31,true,false,112,0
Grid,WA*(1.5),4,23,423,218,31,true,false,130,0
Grid,WA*(1.5),4,24,424,228,31,true,false,134,0
Grid,WA*(1.5),4,25,425,168,33,true,false,104,0
Grid,WA*(1.5),4,26,426,213,33,true,false,118,0
Grid,WA*(1.5),4,27,427,207,31,true,false,113,0
Grid,WA*(1.5),4,28,428,219,33,true,false,111,0
Grid,WA*(1.5),4,29,429,214,31,true,false,133,0
Grid,WA*(1.5),4,30,430,209,31,true,false,119,0
Grid,GBFS,4,1,401,32,31,true,false,167,0
Grid,GBFS,4,2,402,35,35,true,false,176,0
Grid,GBFS,4,3,403,37,35,true,false,191,0
Grid,GBFS,4,4,404,38,35,true,false,182,0
Grid,GBFS,4,5,405,38,33,true,false,155,0
Grid,GBFS,4,6,406,31,31,true,false,159,0
Grid,GBFS,4,7,407,33,33,true,false,214,0
Grid,GBFS,4,8,408,39,37,true,false,199,0
Grid,GBFS,4,9,409,34,31,true,false,170,0
Grid,GBFS,4,10,410,41,37,true,false,192,0
Grid,GBFS,4,11,411,33,31,true,false,177,0
Grid,GBFS,4,12,412,35,33,true,false,162,0
Grid,GBFS,4,13,413,37,35,true,false,158,0
Grid,GBFS,4,14,414,52,35,true,false,178,0
Grid,GBFS,4,15,415,38,37,true,false,193,0
Grid,GBFS,4,16,416,42,39,true,false,209,0
Grid,GBFS,4,17,417,36,35,true,false,198,0
Grid,GBFS,4,18,418,35,33,true,false,171,0
Grid,GBFS,4,19,419,35,35,true,false,205,0
Grid,GBFS,4,20,420,36,33,true,false,191,0
Grid,GBFS,4,21,421,38,35,true,false,186,0
Grid,GBFS,4,22,422,33,33,true,false,185,0
Grid,GBFS,4,23,423,37,35,true,false,199,0
Grid,GBFS,4,24,424,55,39,true,false,195,0
Grid,GBFS,4,25,425,41,35,true,false,201,0
Grid,GBFS,4,26,426,31,31,true,false,160,0
Grid,GBFS,4,27,427,34,31,true,false,158,0
Grid,GBFS,4,28,428,36,35,true,false,175,0
Grid,GBFS,4,29,429,38,31,true,false,191,0
Grid,GBFS,4,30,430,35,35,true,false,153,0
Grid,IDA*,4,1,401,3000000,0,false,true,0,797
Grid,IDA*,4,2,402,3000000,0,false,true,0,719
Grid,IDA*,4,3,403,3000000,0,false,true,0,578
Grid,IDA*,4,4,404,3000000,0,false,true,0,571
Grid,IDA*,4,5,405,3000000,0,false,true,0,506
Grid,IDA*,4,6,406,3000000,0,false,true,0,594
Grid,IDA*,4,7,407,3000000,0,false,true,0,554
Grid,IDA*,4,8,408,3000000,0,false,true,0,512
Grid,IDA*,4,9,409,3000000,0,false,true,0,482
Grid,IDA*,4,10,410,3000000,0,false,true,0,505
Grid,IDA*,4,11,411,3000000,0,false,true,0,505
Grid,IDA*,4,12,412,3000000,0,false,true,0,577
Grid,IDA*,4,13,413,3000000,0,false,true,0,518
Grid,IDA*,4,14,414,3000000,0,false,true,0,552
Grid,IDA*,4,15,415,3000000,0,false,true,0,512
Grid,IDA*,4,16,416,3000000,0,false,true,0,491
Grid,IDA*,4,17,417,3000000,0,false,true,0,519
Grid,IDA*,4,18,418,3000000,0,false,true,0,479
Grid,IDA*,4,19,419,3000000,0,false,true,0,513
Grid,IDA*,4,20,420,3000000,0,false,true,0,426
Grid,IDA*,4,21,421,3000000,0,false,true,0,432
Grid,IDA*,4,22,422,3000000,0,false,true,0,497
Grid,IDA*,4,23,423,3000000,0,false,true,0,554
Grid,IDA*,4,24,424,3000000,0,false,true,0,538
Grid,IDA*,4,25,425,2081027,33,true,false,104,341
Grid,IDA*,4,26,426,3000000,0,false,true,0,537
Grid,IDA*,4,27,427,3000000,0,false,true,0,446
Grid,IDA*,4,28,428,3000000,0,false,true,0,470
Grid,IDA*,4,29,429,3000000,0,false,true,0,429
Grid,IDA*,4,30,430,3000000,0,false,true,0,453
Grid,BFS,6,1,601,492,47,true,false,272,0
Grid,BFS,6,2,602,507,47,true,false,264,0
Grid,BFS,6,3,603,500,47,true,false,236,0
Grid,BFS,6,4,604,502,47,true,false,258,0
Grid,BFS,6,5,605,510,47,true,false,273,0
Grid,BFS,6,6,606,492,47,true,false,237,0
Grid,BFS,6,7,607,484,47,true,false,233,0
Grid,BFS,6,8,608,482,47,true,false,253,0
Grid,BFS,6,9,609,514,47,true,false,261,0
Grid,BFS,6,10,610,488,47,true,false,271,0
Grid,BFS,6,11,611,482,47,true,false,230,0
Grid,BFS,6,12,612,505,47,true,false,214,0
Grid,BFS,6,13,613,503,47,true,false,271,0
Grid,BFS,6,14,614,500,47,true,false,233,0
Grid,BFS,6,15,615,489,47,true,false,257,2
Grid,BFS,6,16,616,485,47,true,false,208,0
Grid,BFS,6,17,617,513,47,true,false,240,0
Grid,BFS,6,18,618,499,47,true,false,267,0
Grid,BFS,6,19,619,498,47,true,false,262,0
Grid,BFS,6,20,620,495,47,true,false,229,0
Grid,BFS,6,21,621,498,47,true,false,265,0
Grid,BFS,6,22,622,503,47,true,false,277,0
Grid,BFS,6,23,623,495,47,true,false,287,0
Grid,BFS,6,24,624,502,47,true,false,261,0
Grid,BFS,6,25,625,497,47,true,false,249,0
Grid,BFS,6,26,626,501,47,true,false,222,0
Grid,BFS,6,27,627,511,47,true,false,249,0
Grid,BFS,6,28,628,485,47,true,false,268,0
Grid,BFS,6,29,629,498,47,true,false,254,0
Grid,BFS,6,30,630,488,47,true,false,270,0
Grid,Dijkstra,6,1,601,492,47,true,false,195,0
Grid,Dijkstra,6,2,602,505,49,true,false,173,0
Grid,Dijkstra,6,3,603,497,47,true,false,179,0
Grid,Dijkstra,6,4,604,501,47,true,false,156,0
Grid,Dijkstra,6,5,605,510,47,true,false,182,0
Grid,Dijkstra,6,6,606,492,47,true,false,180,0
Grid,Dijkstra,6,7,607,481,47,true,false,177,0
Grid,Dijkstra,6,8,608,479,49,true,false,174,0
Grid,Dijkstra,6,9,609,511,47,true,false,170,0
Grid,Dijkstra,6,10,610,488,49,true,false,179,0
Grid,Dijkstra,6,11,611,482,47,true,false,184,0
Grid,Dijkstra,6,12,612,505,49,true,false,165,0
Grid,Dijkstra,6,13,613,503,47,true,false,191,0
Grid,Dijkstra,6,14,614,496,47,true,false,150,0
Grid,Dijkstra,6,15,615,489,47,true,false,171,0
Grid,Dijkstra,6,16,616,481,47,true,false,174,0
Grid,Dijkstra,6,17,617,512,47,true,false,170,0
Grid,Dijkstra,6,18,618,498,47,true,false,169,0
Grid,Dijkstra,6,19,619,497,47,true,false,174,0
Grid,Dijkstra,6,20,620,495,47,true,false,151,0
Grid,Dijkstra,6,21,621,479,47,true,false,163,0
Grid,Dijkstra,6,22,622,503,47,true,false,192,0
Grid,Dijkstra,6,23,623,489,47,true,false,168,0
Grid,Dijkstra,6,24,624,501,47,true,false,167,0
Grid,Dijkstra,6,25,625,497,47,true,false,171,0
Grid,Dijkstra,6,26,626,501,47,true,false,185,0
Grid,Dijkstra,6,27,627,510,47,true,false,168,0
Grid,Dijkstra,6,28,628,484,49,true,false,170,0
Grid,Dijkstra,6,29,629,495,47,true,false,155,0
Grid,Dijkstra,6,30,630,488,47,true,false,176,0
Grid,A*,6,1,601,492,47,true,false,195,0
Grid,A*,6,2,602,505,49,true,false,173,0
Grid,A*,6,3,603,494,47,true,false,179,0
Grid,A*,6,4,604,498,47,true,false,156,0
Grid,A*,6,5,605,510,47,true,false,182,0
Grid,A*,6,6,606,492,47,true,false,180,0
Grid,A*,6,7,607,481,47,true,false,177,0
Grid,A*,6,8,608,477,49,true,false,174,0
Grid,A*,6,9,609,506,47,true,false,170,0
Grid,A*,6,10,610,487,49,true,false,179,0
Grid,A*,6,11,611,481,47,true,false,184,0
Grid,A*,6,12,612,503,49,true,false,165,0
Grid,A*,6,13,613,503,47,true,false,191,0
Grid,A*,6,14,614,452,47,true,false,150,0
Grid,A*,6,15,615,489,47,true,false,171,0
Grid,A*,6,16,616,476,47,true,false,174,0
Grid,A*,6,17,617,511,47,true,false,170,0
Grid,A*,6,18,618,498,47,true,false,169,0
Grid,A*,6,19,619,495,47,true,false,174,0
Grid,A*,6,20,620,475,47,true,false,151,0
Grid,A*,6,21,621,458,47,true,false,163,0
Grid,A*,6,22,622,502,47,true,false,192,0
Grid,A*,6,23,623,479,47,true,false,168,0
Grid,A*,6,24,624,498,47,true,false,167,0
Grid,A*,6,25,625,495,47,true,false,171,0
Grid,A*,6,26,626,500,47,true,false,185,0
Grid,A*,6,27,627,509,47,true,false,168,0
Grid,A*,6,28,628,483,49,true,false,170,0
Grid,A*,6,29,629,493,47,true,false,155,0
Grid,A*,6,30,630,486,47,true,false,176,0
Grid,WA*(1.5),6,1,601,488,47,true,false,195,0
Grid,WA*(1.5),6,2,602,504,49,true,false,173,0
Grid,WA*(1.5),6,3,603,488,47,true,false,179,0
Grid,WA*(1.5),6,4,604,480,47,true,false,156,0
Grid,WA*(1.5),6,5,605,510,47,true,false,182,0
Grid,WA*(1.5),6,6,606,492,47,true,false,180,0
Grid,WA*(1.5),6,7,607,480,47,true,false,177,0
Grid,WA*(1.5),6,8,608,471,49,true,false,174,0
Grid,WA*(1.5),6,9,609,503,47,true,false,170,0
Grid,WA*(1.5),6,10,610,484,49,true,false,179,0
Grid,WA*(1.5),6,11,611,481,47,true,false,184,0
Grid,WA*(1.5),6,12,612,503,49,true,false,165,0
Grid,WA*(1.5),6,13,613,503,47,true,false,191,0
Grid,WA*(1.5),6,14,614,412,47,true,false,150,0
Grid,WA*(1.5),6,15,615,481,47,true,false,171,0
Grid,WA*(1.5),6,16,616,473,47,true,false,174,0
Grid,WA*(1.5),6,17,617,510,47,true,false,170,0
Grid,WA*(1.5),6,18,618,495,47,true,false,169,0
Grid,WA*(1.5),6,19,619,490,47,true,false,174,0
Grid,WA*(1.5),6,20,620,445,47,true,false,151,0
Grid,WA*(1.5),6,21,621,418,47,true,false,163,0
Grid,WA*(1.5),6,22,622,501,47,true,false,192,0
Grid,WA*(1.5),6,23,623,465,47,true,false,168,0
Grid,WA*(1.5),6,24,624,488,47,true,false,167,0
Grid,WA*(1.5),6,25,625,494,47,true,false,171,0
Grid,WA*(1.5),6,26,626,498,47,true,false,185,0
Grid,WA*(1.5),6,27,627,507,47,true,false,168,0
Grid,WA*(1.5),6,28,628,480,49,true,false,170,0
Grid,WA*(1.5),6,29,629,473,47,true,false,155,0
Grid,WA*(1.5),6,30,630,484,47,true,false,176,0
Grid,GBFS,6,1,601,58,53,true,false,307,0
Grid,GBFS,6,2,602,54,49,true,false,305,0
Grid,GBFS,6,3,603,55,51,true,false,246,0
Grid,GBFS,6,4,604,54,53,true,false,287,0
Grid,GBFS,6,5,605,53,51,true,false,286,0
Grid,GBFS,6,6,606,54,53,true,false,253,0
Grid,GBFS,6,7,607,49,49,true,false,242,0
Grid,GBFS,6,8,608,57,49,true,false,268,0
Grid,GBFS,6,9,609,61,55,true,false,323,0
Grid,GBFS,6,10,610,54,53,true,false,303,0
Grid,GBFS,6,11,611,55,53,true,false,295,0
Grid,GBFS,6,12,612,54,53,true,false,259,0
Grid,GBFS,6,13,613,56,51,true,false,284,0
Grid,GBFS,6,14,614,54,51,true,false,257,0
Grid,GBFS,6,15,615,63,55,true,false,309,0
Grid,GBFS,6,16,616,53,51,true,false,251,0
Grid,GBFS,6,17,617,50,49,true,false,244,0
Grid,GBFS,6,18,618,49,49,true,false,249,0
Grid,GBFS,6,19,619,56,53,true,false,287,0
Grid,GBFS,6,20,620,57,51,true,false,268,0
Grid,GBFS,6,21,621,58,55,true,false,316,0
Grid,GBFS,6,22,622,53,51,true,false,267,0
Grid,GBFS,6,23,623,63,55,true,false,309,0
Grid,GBFS,6,24,624,58,51,true,false,305,0
Grid,GBFS,6,25,625,56,53,true,false,283,0
Grid,GBFS,6,26,626,51,47,true,false,222,0
Grid,GBFS,6,27,627,54,51,true,false,280,0
Grid,GBFS,6,28,628,58,53,true,false,271,0
Grid,GBFS,6,29,629,63,51,true,false,282,0
Grid,GBFS,6,30,630,52,51,true,false,283,0
Grid,IDA*,6,1,601,3000000,0,false,true,0,473
Grid,IDA*,6,2,602,3000000,0,false,true,0,504
Grid,IDA*,6,3,603,3000000,0,false,true,0,490
Grid,IDA*,6,4,604,3000000,0,false,true,0,432
Grid,IDA*,6,5,605,3000000,0,false,true,0,495
Grid,IDA*,6,6,606,3000000,0,false,true,0,434
Grid,IDA*,6,7,607,3000000,0,false,true,0,410
Grid,IDA*,6,8,608,3000000,0,false,true,0,397
Grid,IDA*,6,9,609,3000000,0,false,true,0,449
Grid,IDA*,6,10,610,3000000,0,false,true,0,413
Grid,IDA*,6,11,611,3000000,0,false,true,0,414
Grid,IDA*,6,12,612,3000000,0,false,true,0,443
Grid,IDA*,6,13,613,3000000,0,false,true,0,471
Grid,IDA*,6,14,614,3000000,0,false,true,0,443
Grid,IDA*,6,15,615,3000000,0,false,true,0,480
Grid,IDA*,6,16,616,3000000,0,false,true,0,403
Grid,IDA*,6,17,617,3000000,0,false,true,0,485
Grid,IDA*,6,18,618,3000000,0,false,true,0,472
Grid,IDA*,6,19,619,3000000,0,false,true,0,476
Grid,IDA*,6,20,620,3000000,0,false,true,0,416
Grid,IDA*,6,21,621,3000000,0,false,true,0,451
Grid,IDA*,6,22,622,3000000,0,false,true,0,450
Grid,IDA*,6,23,623,3000000,0,false,true,0,436
Grid,IDA*,6,24,624,3000000,0,false,true,0,503
Grid,IDA*,6,25,625,3000000,0,false,true,0,461
Grid,IDA*,6,26,626,3000000,0,false,true,0,513
Grid,IDA*,6,27,627,3000000,0,false,true,0,496
Grid,IDA*,6,28,628,3000000,0,false,true,0,509
Grid,IDA*,6,29,629,3000000,0,false,true,0,523
Grid,IDA*,6,30,630,3000000,0,false,true,0,462
Grid,BFS,8,1,801,885,63,true,false,352,0
Grid,BFS,8,2,802,888,63,true,false,317,0
Grid,BFS,8,3,803,889,63,true,false,310,0
Grid,BFS,8,4,804,885,63,true,false,345,0
Grid,BFS,8,5,805,888,63,true,false,311,0
Grid,BFS,8,6,806,889,63,true,false,299,0
Grid,BFS,8,7,807,880,63,true,false,366,0
Grid,BFS,8,8,808,870,63,true,false,333,0
Grid,BFS,8,9,809,891,63,true,false,327,0
Grid,BFS,8,10,810,866,63,true,false,320,0
Grid,BFS,8,11,811,855,63,true,false,355,0
Grid,BFS,8,12,812,884,63,true,false,357,0
Grid,BFS,8,13,813,871,63,true,false,349,0
Grid,BFS,8,14,814,884,63,true,false,311,0
Grid,BFS,8,15,815,876,63,true,false,347,0
Grid,BFS,8,16,816,876,63,true,false,354,0
Grid,BFS,8,17,817,874,63,true,false,357,0
Grid,BFS,8,18,818,878,63,true,false,355,0
Grid,BFS,8,19,819,871,63,true,false,345,0
Grid,BFS,8,20,820,882,63,true,false,337,0
Grid,BFS,8,21,821,891,63,true,false,344,0
Grid,BFS,8,22,822,874,63,true,false,308,0
Grid,BFS,8,23,823,871,63,true,false,348,0
Grid,BFS,8,24,824,876,63,true,false,298,0
Grid,BFS,8,25,825,895,63,true,false,380,0
Grid,BFS,8,26,826,878,63,true,false,337,0
Grid,BFS,8,27,827,873,63,true,false,320,0
Grid,BFS,8,28,828,871,63,true,false,329,0
Grid,BFS,8,29,829,888,63,true,false,324,0
Grid,BFS,8,30,830,865,63,true,false,346,0
Grid,Dijkstra,8,1,801,883,65,true,false,238,0
Grid,Dijkstra,8,2,802,888,65,true,false,269,0
Grid,Dijkstra,8,3,803,888,63,true,false,224,0
Grid,Dijkstra,8,4,804,885,63,true,false,255,0
Grid,Dijkstra,8,5,805,886,63,true,false,229,0
Grid,Dijkstra,8,6,806,887,63,true,false,208,0
Grid,Dijkstra,8,7,807,880,63,true,false,248,0
Grid,Dijkstra,8,8,808,869,63,true,false,243,0
Grid,Dijkstra,8,9,809,887,63,true,false,199,0
Grid,Dijkstra,8,10,810,862,65,true,false,230,0
Grid,Dijkstra,8,11,811,854,65,true,false,255,0
Grid,Dijkstra,8,12,812,883,63,true,false,241,0
Grid,Dijkstra,8,13,813,871,63,true,false,238,0
Grid,Dijkstra,8,14,814,883,63,true,false,246,0
Grid,Dijkstra,8,15,815,875,63,true,false,247,0
Grid,Dijkstra,8,16,816,874,63,true,false,243,0
Grid,Dijkstra,8,17,817,873,63,true,false,236,0
Grid,Dijkstra,8,18,818,878,63,true,false,258,0
Grid,Dijkstra,8,19,819,870,63,true,false,237,0
Grid,Dijkstra,8,20,820,880,63,true,false,233,0
Grid,Dijkstra,8,21,821,891,63,true,false,274,0
Grid,Dijkstra,8,22,822,873,67,true,false,222,0
Grid,Dijkstra,8,23,823,871,63,true,false,239,0
Grid,Dijkstra,8,24,824,876,63,true,false,236,0
Grid,Dijkstra,8,25,825,892,63,true,false,232,0
Grid,Dijkstra,8,26,826,876,63,true,false,256,0
Grid,Dijkstra,8,27,827,869,63,true,false,235,0
Grid,Dijkstra,8,28,828,868,63,true,false,224,0
Grid,Dijkstra,8,29,829,888,63,true,false,220,0
Grid,Dijkstra,8,30,830,865,63,true,false,219,0
Grid,A*,8,1,801,883,65,true,false,238,0
Grid,A*,8,2,802,888,65,true,false,269,0
Grid,A*,8,3,803,866,63,true,false,224,0
Grid,A*,8,4,804,884,63,true,false,255,0
Grid,A*,8,5,805,886,63,true,false,229,0
Grid,A*,8,6,806,883,63,true,false,208,0
Grid,A*,8,7,807,880,63,true,false,248,0
Grid,A*,8,8,808,866,63,true,false,243,0
Grid,A*,8,9,809,876,63,true,false,199,0
Grid,A*,8,10,810,860,65,true,false,230,0
Grid,A*,8,11,811,850,65,true,false,255,0
Grid,A*,8,12,812,882,63,true,false,241,0
Grid,A*,8,13,813,871,63,true,false,238,0
Grid,A*,8,14,814,881,63,true,false,246,0
Grid,A*,8,15,815,873,63,true,false,247,0
Grid,A*,8,16,816,865,63,true,false,243,0
Grid,A*,8,17,817,872,63,true,false,236,0
Grid,A*,8,18,818,878,63,true,false,258,0
Grid,A*,8,19,819,869,63,true,false,237,0
Grid,A*,8,20,820,879,63,true,false,233,0
Grid,A*,8,21,821,891,63,true,false,274,0
Grid,A*,8,22,822,860,67,true,false,222,0
Grid,A*,8,23,823,870,63,true,false,239,0
Grid,A*,8,24,824,876,63,true,false,236,0
Grid,A*,8,25,825,889,63,true,false,232,0
Grid,A*,8,26,826,875,63,true,false,256,0
Grid,A*,8,27,827,863,63,true,false,235,0
Grid,A*,8,28,828,866,63,true,false,224,0
Grid,A*,8,29,829,887,63,true,false,220,0
Grid,A*,8,30,830,865,63,true,false,219,0
Grid,WA*(1.5),8,1,801,880,65,true,false,238,0
Grid,WA*(1.5),8,2,802,888,65,true,false,269,0
Grid,WA*(1.5),8,3,803,813,63,true,false,224,0
Grid,WA*(1.5),8,4,804,884,63,true,false,255,0
Grid,WA*(1.5),8,5,805,884,63,true,false,229,0
Grid,WA*(1.5),8,6,806,853,63,true,false,208,0
Grid,WA*(1.5),8,7,807,880,63,true,false,248,0
Grid,WA*(1.5),8,8,808,860,63,true,false,243,0
Grid,WA*(1.5),8,9,809,831,63,true,false,199,0
Grid,WA*(1.5),8,10,810,856,65,true,false,230,0
Grid,WA*(1.5),8,11,811,846,65,true,false,255,0
Grid,WA*(1.5),8,12,812,881,63,true,false,241,0
Grid,WA*(1.5),8,13,813,871,63,true,false,238,0
Grid,WA*(1.5),8,14,814,881,63,true,false,246,0
Grid,WA*(1.5),8,15,815,870,63,true,false,247,0
Grid,WA*(1.5),8,16,816,858,63,true,false,243,0
Grid,WA*(1.5),8,17,817,864,63,true,false,236,0
Grid,WA*(1.5),8,18,818,877,63,true,false,258,0
Grid,WA*(1.5),8,19,819,866,63,true,false,237,0
Grid,WA*(1.5),8,20,820,877,63,true,false,233,0
Grid,WA*(1.5),8,21,821,891,63,true,false,274,0
Grid,WA*(1.5),8,22,822,802,67,true,false,222,0
Grid,WA*(1.5),8,23,823,869,63,true,false,239,0
Grid,WA*(1.5),8,24,824,875,63,true,false,236,0
Grid,WA*(1.5),8,25,825,888,63,true,false,232,0
Grid,WA*(1.5),8,26,826,875,63,true,false,256,0
Grid,WA*(1.5),8,27,827,856,63,true,false,235,0
Grid,WA*(1.5),8,28,828,863,63,true,false,224,0
Grid,WA*(1.5),8,29,829,885,63,true,false,220,0
Grid,WA*(1.5),8,30,830,865,63,true,false,219,0
Grid,GBFS,8,1,801,88,75,true,false,416,0
Grid,GBFS,8,2,802,79,75,true,false,389,0
Grid,GBFS,8,3,803,80,75,true,false,378,0
Grid,GBFS,8,4,804,69,67,true,false,351,0
Grid,GBFS,8,5,805,87,77,true,false,415,0
Grid,GBFS,8,6,806,72,65,true,false,362,0
Grid,GBFS,8,7,807,77,73,true,false,428,0
Grid,GBFS,8,8,808,72,69,true,false,333,0
Grid,GBFS,8,9,809,70,67,true,false,342,0
Grid,GBFS,8,10,810,71,71,true,false,371,0
Grid,GBFS,8,11,811,129,97,true,false,524,0
Grid,GBFS,8,12,812,79,75,true,false,461,0
Grid,GBFS,8,13,813,67,63,true,false,349,0
Grid,GBFS,8,14,814,85,77,true,false,442,0
Grid,GBFS,8,15,815,87,75,true,false,435,0
Grid,GBFS,8,16,816,122,83,true,false,421,0
Grid,GBFS,8,17,817,68,67,true,false,350,0
Grid,GBFS,8,18,818,67,65,true,false,374,0
Grid,GBFS,8,19,819,71,67,true,false,353,0
Grid,GBFS,8,20,820,78,73,true,false,358,0
Grid,GBFS,8,21,821,71,69,true,false,391,0
Grid,GBFS,8,22,822,69,67,true,false,315,0
Grid,GBFS,8,23,823,72,67,true,false,360,0
Grid,GBFS,8,24,824,70,69,true,false,324,0
Grid,GBFS,8,25,825,71,67,true,false,407,0
Grid,GBFS,8,26,826,90,73,true,false,387,0
Grid,GBFS,8,27,827,71,65,true,false,355,0
Grid,GBFS,8,28,828,71,69,true,false,393,0
Grid,GBFS,8,29,829,85,75,true,false,377,0
Grid,GBFS,8,30,830,70,69,true,false,391,0
Grid,IDA*,8,1,801,3000000,0,false,true,0,612
Grid,IDA*,8,2,802,3000000,0,false,true,0,707
Grid,IDA*,8,3,803,3000000,0,false,true,0,583
Grid,IDA*,8,4,804,3000000,0,false,true,0,542
Grid,IDA*,8,5,805,3000000,0,false,true,0,542
Grid,IDA*,8,6,806,3000000,0,false,true,0,509
Grid,IDA*,8,7,807,3000000,0,false,true,0,603
Grid,IDA*,8,8,808,3000000,0,false,true,0,616
Grid,IDA*,8,9,809,3000000,0,false,true,0,646
Grid,IDA*,8,10,810,3000000,0,false,true,0,636
Grid,IDA*,8,11,811,3000000,0,false,true,0,509
Grid,IDA*,8,12,812,3000000,0,false,true,0,539
Grid,IDA*,8,13,813,3000000,0,false,true,0,538
Grid,IDA*,8,14,814,3000000,0,false,true,0,499
Grid,IDA*,8,15,815,3000000,0,false,true,0,596
Grid,IDA*,8,16,816,3000000,0,false,true,0,623
Grid,IDA*,8,17,817,3000000,0,false,true,0,584
Grid,IDA*,8,18,818,3000000,0,false,true,0,519
Grid,IDA*,8,19,819,3000000,0,false,true,0,498
Grid,IDA*,8,20,820,3000000,0,false,true,0,589
Grid,IDA*,8,21,821,3000000,0,false,true,0,493
Grid,IDA*,8,22,822,3000000,0,false,true,0,551
Grid,IDA*,8,23,823,3000000,0,false,true,0,513
Grid,IDA*,8,24,824,3000000,0,false,true,0,569
Grid,IDA*,8,25,825,3000000,0,false,true,0,631
Grid,IDA*,8,26,826,3000000,0,false,true,0,526
Grid,IDA*,8,27,827,3000000,0,false,true,0,512
Grid,IDA*,8,28,828,3000000,0,false,true,0,576
Grid,IDA*,8,29,829,3000000,0,false,true,0,547
Grid,IDA*,8,30,830,3000000,0,false,true,0,493
Grid,BFS,10,1,1001,1353,79,true,false,451,0
Grid,BFS,10,2,1002,1350,79,true,false,472,0
Grid,BFS,10,3,1003,1375,79,true,false,469,0
Grid,BFS,10,4,1004,1361,79,true,false,443,0
Grid,BFS,10,5,1005,1387,79,true,false,420,0
Grid,BFS,10,6,1006,1349,79,true,false,467,0
Grid,BFS,10,7,1007,1382,79,true,false,409,0
Grid,BFS,10,8,1008,1356,79,true,false,412,0
Grid,BFS,10,9,1009,1347,79,true,false,457,0
Grid,BFS,10,10,1010,1371,79,true,false,430,0
Grid,BFS,10,11,1011,1350,79,true,false,377,0
Grid,BFS,10,12,1012,1372,79,true,false,423,0
Grid,BFS,10,13,1013,1386,79,true,false,474,0
Grid,BFS,10,14,1014,1359,79,true,false,459,0
Grid,BFS,10,15,1015,1358,79,true,false,451,0
Grid,BFS,10,16,1016,1353,79,true,false,420,0
Grid,BFS,10,17,1017,1374,79,true,false,436,0
Grid,BFS,10,18,1018,1362,79,true,false,423,0
Grid,BFS,10,19,1019,1366,79,true,false,452,0
Grid,BFS,10,20,1020,1380,79,true,false,390,0
Grid,BFS,10,21,1021,1377,79,true,false,430,0
Grid,BFS,10,22,1022,1375,79,true,false,447,0
Grid,BFS,10,23,1023,1372,79,true,false,434,0
Grid,BFS,10,24,1024,1379,79,true,false,425,0
Grid,BFS,10,25,1025,1358,79,true,false,430,0
Grid,BFS,10,26,1026,1360,79,true,false,465,0
Grid,BFS,10,27,1027,1360,79,true,false,449,0
Grid,BFS,10,28,1028,1371,79,true,false,421,0
Grid,BFS,10,29,1029,1387,79,true,false,496,0
Grid,BFS,10,30,1030,1388,79,true,false,429,0
Grid,Dijkstra,10,1,1001,1352,79,true,false,302,0
Grid,Dijkstra,10,2,1002,1350,79,true,false,298,0
Grid,Dijkstra,10,3,1003,1374,79,true,false,298,0
Grid,Dijkstra,10,4,1004,1361,81,true,false,300,0
Grid,Dijkstra,10,5,1005,1387,81,true,false,298,0
Grid,Dijkstra,10,6,1006,1346,83,true,false,278,0
Grid,Dijkstra,10,7,1007,1373,81,true,false,280,0
Grid,Dijkstra,10,8,1008,1356,81,true,false,306,0
Grid,Dijkstra,10,9,1009,1337,81,true,false,286,0
Grid,Dijkstra,10,10,1010,1371,79,true,false,275,0
Grid,Dijkstra,10,11,1011,1349,79,true,false,300,0
Grid,Dijkstra,10,12,1012,1372,81,true,false,308,0
Grid,Dijkstra,10,13,1013,1386,79,true,false,283,0
Grid,Dijkstra,10,14,1014,1358,79,true,false,317,0
Grid,Dijkstra,10,15,1015,1353,79,true,false,313,0
Grid,Dijkstra,10,16,1016,1352,81,true,false,287,0
Grid,Dijkstra,10,17,1017,1374,79,true,false,290,0
Grid,Dijkstra,10,18,1018,1352,81,true,false,274,0
Grid,Dijkstra,10,19,1019,1365,81,true,false,292,0
Grid,Dijkstra,10,20,1020,1380,79,true,false,291,0
Grid,Dijkstra,10,21,1021,1377,79,true,false,281,0
Grid,Dijkstra,10,22,1022,1370,79,true,false,278,0
Grid,Dijkstra,10,23,1023,1372,79,true,false,290,0
Grid,Dijkstra,10,24,1024,1377,79,true,false,288,0
Grid,Dijkstra,10,25,1025,1356,81,true,false,276,0
Grid,Dijkstra,10,26,1026,1359,79,true,false,299,0
Grid,Dijkstra,10,27,1027,1357,79,true,false,319,0
Grid,Dijkstra,10,28,1028,1370,83,true,false,297,0
Grid,Dijkstra,10,29,1029,1387,81,true,false,298,0
Grid,Dijkstra,10,30,1030,1388,79,true,false,279,0
Grid,A*,10,1,1001,1351,79,true,false,302,0
Grid,A*,10,2,1002,1350,79,true,false,298,0
Grid,A*,10,3,1003,1370,79,true,false,298,0
Grid,A*,10,4,1004,1360,81,true,false,300,0
Grid,A*,10,5,1005,1382,81,true,false,298,0
Grid,A*,10,6,1006,1339,81,true,false,278,0
Grid,A*,10,7,1007,1361,81,true,false,280,0
Grid,A*,10,8,1008,1353,81,true,false,306,0
Grid,A*,10,9,1009,1324,81,true,false,286,0
Grid,A*,10,10,1010,1371,79,true,false,275,0
Grid,A*,10,11,1011,1347,79,true,false,300,0
Grid,A*,10,12,1012,1371,81,true,false,308,0
Grid,A*,10,13,1013,1385,79,true,false,283,0
Grid,A*,10,14,1014,1358,79,true,false,317,0
Grid,A*,10,15,1015,1351,79,true,false,313,0
Grid,A*,10,16,1016,1349,81,true,false,287,0
Grid,A*,10,17,1017,1374,79,true,false,290,0
Grid,A*,10,18,1018,1342,81,true,false,274,0
Grid,A*,10,19,1019,1365,81,true,false,292,0
Grid,A*,10,20,1020,1380,79,true,false,291,0
Grid,A*,10,21,1021,1374,79,true,false,281,0
Grid,A*,10,22,1022,1367,79,true,false,278,0
Grid,A*,10,23,1023,1372,79,true,false,290,0
Grid,A*,10,24,1024,1356,79,true,false,288,0
Grid,A*,10,25,1025,1339,81,true,false,276,0
Grid,A*,10,26,1026,1358,79,true,false,299,0
Grid,A*,10,27,1027,1350,79,true,false,319,0
Grid,A*,10,28,1028,1368,83,true,false,297,0
Grid,A*,10,29,1029,1387,81,true,false,298,0
Grid,A*,10,30,1030,1382,79,true,false,279,0
Grid,WA*(1.5),10,1,1001,1349,79,true,false,302,0
Grid,WA*(1.5),10,2,1002,1345,79,true,false,298,0
Grid,WA*(1.5),10,3,1003,1360,79,true,false,298,0
Grid,WA*(1.5),10,4,1004,1360,81,true,false,300,0
Grid,WA*(1.5),10,5,1005,1371,81,true,false,298,0
Grid,WA*(1.5),10,6,1006,1324,81,true,false,278,0
Grid,WA*(1.5),10,7,1007,1343,81,true,false,280,0
Grid,WA*(1.5),10,8,1008,1352,81,true,false,306,0
Grid,WA*(1.5),10,9,1009,1312,81,true,false,286,0
Grid,WA*(1.5),10,10,1010,1371,79,true,false,275,0
Grid,WA*(1.5),10,11,1011,1344,79,true,false,300,0
Grid,WA*(1.5),10,12,1012,1367,81,true,false,308,0
Grid,WA*(1.5),10,13,1013,1365,79,true,false,283,0
Grid,WA*(1.5),10,14,1014,1357,79,true,false,317,0
Grid,WA*(1.5),10,15,1015,1350,79,true,false,313,0
Grid,WA*(1.5),10,16,1016,1345,81,true,false,287,0
Grid,WA*(1.5),10,17,1017,1374,79,true,false,290,0
Grid,WA*(1.5),10,18,1018,1335,81,true,false,274,0
Grid,WA*(1.5),10,19,1019,1365,81,true,false,292,0
Grid,WA*(1.5),10,20,1020,1374,79,true,false,291,0
Grid,WA*(1.5),10,21,1021,1370,79,true,false,281,0
Grid,WA*(1.5),10,22,1022,1356,79,true,false,278,0
Grid,WA*(1.5),10,23,1023,1372,79,true,false,290,0
Grid,WA*(1.5),10,24,1024,1317,79,true,false,288,0
Grid,WA*(1.5),10,25,1025,1316,81,true,false,276,0
Grid,WA*(1.5),10,26,1026,1357,79,true,false,299,0
Grid,WA*(1.5),10,27,1027,1342,79,true,false,319,0
Grid,WA*(1.5),10,28,1028,1367,83,true,false,297,0
Grid,WA*(1.5),10,29,1029,1387,83,true,false,298,0
Grid,WA*(1.5),10,30,1030,1379,79,true,false,279,0
Grid,GBFS,10,1,1001,93,89,true,false,493,0
Grid,GBFS,10,2,1002,86,85,true,false,504,0
Grid,GBFS,10,3,1003,88,79,true,false,469,0
Grid,GBFS,10,4,1004,95,91,true,false,523,0
Grid,GBFS,10,5,1005,86,85,true,false,454,0
Grid,GBFS,10,6,1006,96,91,true,false,545,0
Grid,GBFS,10,7,1007,91,87,true,false,509,0
Grid,GBFS,10,8,1008,89,87,true,false,479,0
Grid,GBFS,10,9,1009,93,89,true,false,494,0
Grid,GBFS,10,10,1010,89,89,true,false,474,0
Grid,GBFS,10,11,1011,94,87,true,false,459,0
Grid,GBFS,10,12,1012,123,99,true,false,528,0
Grid,GBFS,10,13,1013,92,87,true,false,499,0
Grid,GBFS,10,14,1014,91,87,true,false,524,0
Grid,GBFS,10,15,1015,87,85,true,false,494,0
Grid,GBFS,10,16,1016,110,93,true,false,482,0
Grid,GBFS,10,17,1017,86,83,true,false,438,0
Grid,GBFS,10,18,1018,101,87,true,false,450,0
Grid,GBFS,10,19,1019,107,81,true,false,450,0
Grid,GBFS,10,20,1020,99,91,true,false,482,0
Grid,GBFS,10,21,1021,96,91,true,false,521,0
Grid,GBFS,10,22,1022,87,85,true,false,476,0
Grid,GBFS,10,23,1023,105,95,true,false,569,0
Grid,GBFS,10,24,1024,108,95,true,false,545,0
Grid,GBFS,10,25,1025,91,85,true,false,475,0
Grid,GBFS,10,26,1026,86,81,true,false,483,0
Grid,GBFS,10,27,1027,88,81,true,false,444,0
Grid,GBFS,10,28,1028,106,97,true,false,571,0
Grid,GBFS,10,29,1029,84,81,true,false,475,0
Grid,GBFS,10,30,1030,119,93,true,false,411,0
Grid,IDA*,10,1,1001,3000000,0,false,true,0,458
Grid,IDA*,10,2,1002,3000000,0,false,true,0,438
Grid,IDA*,10,3,1003,3000000,0,false,true,0,479
Grid,IDA*,10,4,1004,3000000,0,false,true,0,493
Grid,IDA*,10,5,1005,3000000,0,false,true,0,497
Grid,IDA*,10,6,1006,3000000,0,false,true,0,442
Grid,IDA*,10,7,1007,3000000,0,false,true,0,521
Grid,IDA*,10,8,1008,3000000,0,false,true,0,506
Grid,IDA*,10,9,1009,3000000,0,false,true,0,483
Grid,IDA*,10,10,1010,3000000,0,false,true,0,476
Grid,IDA*,10,11,1011,3000000,0,false,true,0,446
Grid,IDA*,10,12,1012,3000000,0,false,true,0,464
Grid,IDA*,10,13,1013,3000000,0,false,true,0,517
Grid,IDA*,10,14,1014,3000000,0,false,true,0,461
Grid,IDA*,10,15,1015,3000000,0,false,true,0,464
Grid,IDA*,10,16,1016,3000000,0,false,true,0,429
Grid,IDA*,10,17,1017,3000000,0,false,true,0,472
Grid,IDA*,10,18,1018,3000000,0,false,true,0,453
Grid,IDA*,10,19,1019,3000000,0,false,true,0,453
Grid,IDA*,10,20,1020,3000000,0,false,true,0,408
Grid,IDA*,10,21,1021,3000000,0,false,true,0,428
Grid,IDA*,10,22,1022,3000000,0,false,true,0,437
Grid,IDA*,10,23,1023,3000000,0,false,true,0,432
Grid,IDA*,10,24,1024,3000000,0,false,true,0,467
Grid,IDA*,10,25,1025,3000000,0,false,true,0,451
Grid,IDA*,10,26,1026,3000000,0,false,true,0,455
Grid,IDA*,10,27,1027,3000000,0,false,true,0,470
Grid,IDA*,10,28,1028,3000000,0,false,true,0,470
Grid,IDA*,10,29,1029,3000000,0,false,true,0,453
Grid,IDA*,10,30,1030,3000000,0,false,true,0,451
Grid,BFS,12,1,1201,1996,95,true,false,512,0
Grid,BFS,12,2,1202,1976,95,true,false,532,0
Grid,BFS,12,3,1203,1969,95,true,false,547,0
Grid,BFS,12,4,1204,1964,95,true,false,480,0
Grid,BFS,12,5,1205,1968,95,true,false,542,0
Grid,BFS,12,6,1206,1992,95,true,false,514,0
Grid,BFS,12,7,1207,1960,95,true,false,478,0
Grid,BFS,12,8,1208,1953,95,true,false,491,0
Grid,BFS,12,9,1209,1963,95,true,false,530,0
Grid,BFS,12,10,1210,1990,95,true,false,512,0
Grid,BFS,12,11,1211,1964,95,true,false,515,0
Grid,BFS,12,12,1212,1972,95,true,false,554,0
Grid,BFS,12,13,1213,1977,95,true,false,553,0
Grid,BFS,12,14,1214,1944,95,true,false,483,0
Grid,BFS,12,15,1215,1984,95,true,false,527,0
Grid,BFS,12,16,1216,1945,95,true,false,540,0
Grid,BFS,12,17,1217,1967,95,true,false,501,0
Grid,BFS,12,18,1218,1991,95,true,false,535,0
Grid,BFS,12,19,1219,1996,95,true,false,492,0
Grid,BFS,12,20,1220,1978,95,true,false,468,0
Grid,BFS,12,21,1221,2003,95,true,false,529,0
Grid,BFS,12,22,1222,1976,95,true,false,522,0
Grid,BFS,12,23,1223,1947,95,true,false,466,0
Grid,BFS,12,24,1224,1932,95,true,false,538,0
Grid,BFS,12,25,1225,1946,95,true,false,542,0
Grid,BFS,12,26,1226,1957,95,true,false,492,0
Grid,BFS,12,27,1227,1967,95,true,false,493,0
Grid,BFS,12,28,1228,1973,95,true,false,540,0
Grid,BFS,12,29,1229,1971,95,true,false,567,0
Grid,BFS,12,30,1230,1985,95,true,false,521,0
Grid,Dijkstra,12,1,1201,1994,95,true,false,360,0
Grid,Dijkstra,12,2,1202,1974,97,true,false,383,0
Grid,Dijkstra,12,3,1203,1965,95,true,false,340,0
Grid,Dijkstra,12,4,1204,1964,95,true,false,331,0
Grid,Dijkstra,12,5,1205,1967,95,true,false,370,0
Grid,Dijkstra,12,6,1206,1991,95,true,false,331,0
Grid,Dijkstra,12,7,1207,1957,97,true,false,345,0
Grid,Dijkstra,12,8,1208,1942,101,true,false,326,0
Grid,Dijkstra,12,9,1209,1963,95,true,false,369,0
Grid,Dijkstra,12,10,1210,1990,95,true,false,359,0
Grid,Dijkstra,12,11,1211,1964,95,true,false,338,0
Grid,Dijkstra,12,12,1212,1969,95,true,false,365,0
Grid,Dijkstra,12,13,1213,1977,95,true,false,363,0
Grid,Dijkstra,12,14,1214,1941,97,true,false,352,0
Grid,Dijkstra,12,15,1215,1984,95,true,false,335,0
Grid,Dijkstra,12,16,1216,1945,97,true,false,361,0
Grid,Dijkstra,12,17,1217,1965,97,true,false,352,0
Grid,Dijkstra,12,18,1218,1991,95,true,false,354,0
Grid,Dijkstra,12,19,1219,1983,97,true,false,340,0
Grid,Dijkstra,12,20,1220,1978,97,true,false,345,0
Grid,Dijkstra,12,21,1221,2001,97,true,false,351,0
Grid,Dijkstra,12,22,1222,1975,95,true,false,369,0
Grid,Dijkstra,12,23,1223,1947,95,true,false,368,0
Grid,Dijkstra,12,24,1224,1931,99,true,false,336,0
Grid,Dijkstra,12,25,1225,1946,95,true,false,369,0
Grid,Dijkstra,12,26,1226,1952,97,true,false,341,0
Grid,Dijkstra,12,27,1227,1964,97,true,false,357,0
Grid,Dijkstra,12,28,1228,1972,95,true,false,343,0
Grid,Dijkstra,12,29,1229,1969,95,true,false,364,0
Grid,Dijkstra,12,30,1230,1985,95,true,false,329,0
Grid,A*,12,1,1201,1992,95,true,false,360,0
Grid,A*,12,2,1202,1973,99,true,false,383,0
Grid,A*,12,3,1203,1961,95,true,false,340,0
Grid,A*,12,4,1204,1962,95,true,false,331,0
Grid,A*,12,5,1205,1967,95,true,false,370,0
Grid,A*,12,6,1206,1988,95,true,false,331,0
Grid,A*,12,7,1207,1956,97,true,false,345,0
Grid,A*,12,8,1208,1927,101,true,false,326,0
Grid,A*,12,9,1209,1962,95,true,false,369,0
Grid,A*,12,10,1210,1990,95,true,false,359,0
Grid,A*,12,11,1211,1961,95,true,false,338,0
Grid,A*,12,12,1212,1967,95,true,false,365,0
Grid,A*,12,13,1213,1977,95,true,false,363,0
Grid,A*,12,14,1214,1938,97,true,false,352,0
Grid,A*,12,15,1215,1975,95,true,false,335,0
Grid,A*,12,16,1216,1942,97,true,false,361,0
Grid,A*,12,17,1217,1964,97,true,false,352,0
Grid,A*,12,18,1218,1991,95,true,false,354,0
Grid,A*,12,19,1219,1973,99,true,false,340,0
Grid,A*,12,20,1220,1977,97,true,false,345,0
Grid,A*,12,21,1221,2000,97,true,false,351,0
Grid,A*,12,22,1222,1974,95,true,false,369,0
Grid,A*,12,23,1223,1946,95,true,false,368,0
Grid,A*,12,24,1224,1918,99,true,false,336,0
Grid,A*,12,25,1225,1946,95,true,false,369,0
Grid,A*,12,26,1226,1946,97,true,false,341,0
Grid,A*,12,27,1227,1960,97,true,false,357,0
Grid,A*,12,28,1228,1970,95,true,false,343,0
Grid,A*,12,29,1229,1969,95,true,false,364,0
Grid,A*,12,30,1230,1982,95,true,false,329,0
Grid,WA*(1.5),12,1,1201,1990,95,true,false,360,0
Grid,WA*(1.5),12,2,1202,1969,99,true,false,383,0
Grid,WA*(1.5),12,3,1203,1938,95,true,false,340,0
Grid,WA*(1.5),12,4,1204,1959,95,true,false,331,0
Grid,WA*(1.5),12,5,1205,1967,95,true,false,370,0
Grid,WA*(1.5),12,6,1206,1962,95,true,false,331,0
Grid,WA*(1.5),12,7,1207,1950,97,true,false,345,0
Grid,WA*(1.5),12,8,1208,1875,101,true,false,326,0
Grid,WA*(1.5),12,9,1209,1962,95,true,false,369,0
Grid,WA*(1.5),12,10,1210,1990,95,true,false,359,0
Grid,WA*(1.5),12,11,1211,1956,95,true,false,338,0
Grid,WA*(1.5),12,12,1212,1964,95,true,false,365,0
Grid,WA*(1.5),12,13,1213,1977,95,true,false,363,0
Grid,WA*(1.5),12,14,1214,1937,97,true,false,352,0
Grid,WA*(1.5),12,15,1215,1966,95,true,false,335,0
Grid,WA*(1.5),12,16,1216,1940,97,true,false,361,0
Grid,WA*(1.5),12,17,1217,1957,97,true,false,352,0
Grid,WA*(1.5),12,18,1218,1989,95,true,false,354,0
Grid,WA*(1.5),12,19,1219,1962,99,true,false,340,0
Grid,WA*(1.5),12,20,1220,1969,97,true,false,345,0
Grid,WA*(1.5),12,21,1221,2000,97,true,false,351,0
Grid,WA*(1.5),12,22,1222,1974,95,true,false,369,0
Grid,WA*(1.5),12,23,1223,1943,95,true,false,368,0
Grid,WA*(1.5),12,24,1224,1887,99,true,false,336,0
Grid,WA*(1.5),12,25,1225,1946,95,true,false,369,0
Grid,WA*(1.5),12,26,1226,1941,97,true,false,341,0
Grid,WA*(1.5),12,27,1227,1959,97,true,false,357,0
Grid,WA*(1.5),12,28,1228,1970,95,true,false,343,0
Grid,WA*(1.5),12,29,1229,1969,95,true,false,364,0
Grid,WA*(1.5),12,30,1230,1979,95,true,false,329,0
Grid,GBFS,12,1,1201,121,111,true,false,608,0
Grid,GBFS,12,2,1202,108,105,true,false,569,0
Grid,GBFS,12,3,1203,103,101,true,false,565,0
Grid,GBFS,12,4,1204,115,103,true,false,556,0
Grid,GBFS,12,5,1205,101,99,true,false,527,0
Grid,GBFS,12,6,1206,105,101,true,false,590,0
Grid,GBFS,12,7,1207,118,111,true,false,536,0
Grid,GBFS,12,8,1208,140,123,true,false,672,0
Grid,GBFS,12,9,1209,116,111,true,false,663,0
Grid,GBFS,12,10,1210,105,101,true,false,516,0
Grid,GBFS,12,11,1211,179,123,true,false,680,0
Grid,GBFS,12,12,1212,103,99,true,false,595,0
Grid,GBFS,12,13,1213,116,111,true,false,646,0
Grid,GBFS,12,14,1214,120,111,true,false,578,0
Grid,GBFS,12,15,1215,106,103,true,false,598,0
Grid,GBFS,12,16,1216,106,103,true,false,588,0
Grid,GBFS,12,17,1217,118,107,true,false,565,0
Grid,GBFS,12,18,1218,110,105,true,false,565,0
Grid,GBFS,12,19,1219,101,99,true,false,495,0
Grid,GBFS,12,20,1220,107,105,true,false,589,0
Grid,GBFS,12,21,1221,106,97,true,false,475,0
Grid,GBFS,12,22,1222,112,107,true,false,591,0
Grid,GBFS,12,23,1223,115,105,true,false,549,0
Grid,GBFS,12,24,1224,117,107,true,false,608,0
Grid,GBFS,12,25,1225,99,97,true,false,534,0
Grid,GBFS,12,26,1226,114,109,true,false,603,0
Grid,GBFS,12,27,1227,127,105,true,false,561,0
Grid,GBFS,12,28,1228,120,113,true,false,575,0
Grid,GBFS,12,29,1229,119,109,true,false,637,0
Grid,GBFS,12,30,1230,111,103,true,false,552,0
Grid,IDA*,12,1,1201,3000000,0,false,true,0,587
Grid,IDA*,12,2,1202,3000000,0,false,true,0,469
Grid,IDA*,12,3,1203,3000000,0,false,true,0,510
Grid,IDA*,12,4,1204,3000000,0,false,true,0,542
Grid,IDA*,12,5,1205,3000000,0,false,true,0,510
Grid,IDA*,12,6,1206,3000000,0,false,true,0,501
Grid,IDA*,12,7,1207,3000000,0,false,true,0,534
Grid,IDA*,12,8,1208,3000000,0,false,true,0,529
Grid,IDA*,12,9,1209,3000000,0,false,true,0,534
Grid,IDA*,12,10,1210,3000000,0,false,true,0,513
Grid,IDA*,12,11,1211,3000000,0,false,true,0,468
Grid,IDA*,12,12,1212,3000000,0,false,true,0,524
Grid,IDA*,12,13,1213,3000000,0,false,true,0,502
Grid,IDA*,12,14,1214,3000000,0,false,true,0,501
Grid,IDA*,12,15,1215,3000000,0,false,true,0,528
Grid,IDA*,12,16,1216,3000000,0,false,true,0,486
Grid,IDA*,12,17,1217,3000000,0,false,true,0,555
Grid,IDA*,12,18,1218,3000000,0,false,true,0,541
Grid,IDA*,12,19,1219,3000000,0,false,true,0,464
Grid,IDA*,12,20,1220,3000000,0,false,true,0,460
Grid,IDA*,12,21,1221,3000000,0,false,true,0,549
Grid,IDA*,12,22,1222,3000000,0,false,true,0,505
Grid,IDA*,12,23,1223,3000000,0,false,true,0,478
Grid,IDA*,12,24,1224,3000000,0,false,true,0,490
Grid,IDA*,12,25,1225,3000000,0,false,true,0,492
Grid,IDA*,12,26,1226,3000000,0,false,true,0,517
Grid,IDA*,12,27,1227,3000000,0,false,true,0,481
Grid,IDA*,12,28,1228,3000000,0,false,true,0,457
Grid,IDA*,12,29,1229,3000000,0,false,true,0,516
Grid,IDA*,12,30,1230,3000000,0,false,true,0,427
