domain,algorithm,depth,trial,seed,comparisons,pattern_length,solved,runtime_ms
PatternMatch,Naive,4,1,1601,535,12,true,0
PatternMatch,Naive,4,2,1602,570,12,true,0
PatternMatch,Naive,4,3,1603,586,12,true,0
PatternMatch,Naive,4,4,1604,562,12,true,0
PatternMatch,Naive,4,5,1605,587,12,true,0
PatternMatch,Naive,4,6,1606,574,12,true,0
PatternMatch,Naive,4,7,1607,555,12,true,0
PatternMatch,Naive,4,8,1608,584,12,true,0
PatternMatch,Naive,4,9,1609,594,12,true,0
PatternMatch,Naive,4,10,1610,580,12,true,0
PatternMatch,Naive,4,11,1611,574,12,true,0
PatternMatch,Naive,4,12,1612,592,12,true,0
PatternMatch,Naive,4,13,1613,593,12,true,0
PatternMatch,Naive,4,14,1614,564,12,true,0
PatternMatch,Naive,4,15,1615,566,12,true,0
PatternMatch,Naive,4,16,1616,578,12,true,0
PatternMatch,Naive,4,17,1617,577,12,true,0
PatternMatch,Naive,4,18,1618,576,12,true,0
PatternMatch,Naive,4,19,1619,581,12,true,0
PatternMatch,Naive,4,20,1620,593,12,true,0
PatternMatch,Naive,4,21,1621,593,12,true,0
PatternMatch,Naive,4,22,1622,593,12,true,0
PatternMatch,Naive,4,23,1623,583,12,true,0
PatternMatch,Naive,4,24,1624,580,12,true,0
PatternMatch,Naive,4,25,1625,580,12,true,0
PatternMatch,Naive,4,26,1626,602,12,true,0
PatternMatch,Naive,4,27,1627,600,12,true,0
PatternMatch,Naive,4,28,1628,606,12,true,0
PatternMatch,Naive,4,29,1629,599,12,true,0
PatternMatch,Naive,4,30,1630,605,12,true,0
PatternMatch,KMP,4,1,1601,558,12,true,0
PatternMatch,KMP,4,2,1602,593,12,true,0
PatternMatch,KMP,4,3,1603,601,12,true,0
PatternMatch,KMP,4,4,1604,587,12,true,0
PatternMatch,KMP,4,5,1605,612,12,true,0
PatternMatch,KMP,4,6,1606,596,12,true,0
PatternMatch,KMP,4,7,1607,578,12,true,0
PatternMatch,KMP,4,8,1608,607,12,true,0
PatternMatch,KMP,4,9,1609,612,12,true,0
PatternMatch,KMP,4,10,1610,602,12,true,0
PatternMatch,KMP,4,11,1611,599,12,true,0
PatternMatch,KMP,4,12,1612,618,12,true,0
PatternMatch,KMP,4,13,1613,613,12,true,0
PatternMatch,KMP,4,14,1614,588,12,true,0
PatternMatch,KMP,4,15,1615,592,12,true,0
PatternMatch,KMP,4,16,1616,602,12,true,0
PatternMatch,KMP,4,17,1617,605,12,true,0
PatternMatch,KMP,4,18,1618,600,12,true,0
PatternMatch,KMP,4,19,1619,605,12,true,0
PatternMatch,KMP,4,20,1620,610,12,true,0
PatternMatch,KMP,4,21,1621,617,12,true,0
PatternMatch,KMP,4,22,1622,615,12,true,0
PatternMatch,KMP,4,23,1623,608,12,true,0
PatternMatch,KMP,4,24,1624,601,12,true,0
PatternMatch,KMP,4,25,1625,600,12,true,0
PatternMatch,KMP,4,26,1626,627,12,true,0
PatternMatch,KMP,4,27,1627,624,12,true,0
PatternMatch,KMP,4,28,1628,629,12,true,0
PatternMatch,KMP,4,29,1629,617,12,true,0
PatternMatch,KMP,4,30,1630,629,12,true,0
PatternMatch,IDDFS,4,1,1601,17342,12,true,0
PatternMatch,IDDFS,4,2,1602,17314,12,true,0
PatternMatch,IDDFS,4,3,1603,17619,12,true,0
PatternMatch,IDDFS,4,4,1604,17480,12,true,0
PatternMatch,IDDFS,4,5,1605,17574,12,true,0
PatternMatch,IDDFS,4,6,1606,17609,12,true,0
PatternMatch,IDDFS,4,7,1607,17369,12,true,0
PatternMatch,IDDFS,4,8,1608,17399,12,true,0
PatternMatch,IDDFS,4,9,1609,17733,12,true,0
PatternMatch,IDDFS,4,10,1610,17306,12,true,0
PatternMatch,IDDFS,4,11,1611,17291,12,true,0
PatternMatch,IDDFS,4,12,1612,18088,12,true,0
PatternMatch,IDDFS,4,13,1613,17748,12,true,0
PatternMatch,IDDFS,4,14,1614,17740,12,true,0
PatternMatch,IDDFS,4,15,1615,17683,12,true,0
PatternMatch,IDDFS,4,16,1616,17532,12,true,0
PatternMatch,IDDFS,4,17,1617,17237,12,true,0
PatternMatch,IDDFS,4,18,1618,17308,12,true,0
PatternMatch,IDDFS,4,19,1619,17769,12,true,0
PatternMatch,IDDFS,4,20,1620,17450,12,true,0
PatternMatch,IDDFS,4,21,1621,17354,12,true,0
PatternMatch,IDDFS,4,22,1622,17575,12,true,0
PatternMatch,IDDFS,4,23,1623,17443,12,true,0
PatternMatch,IDDFS,4,24,1624,17240,12,true,0
PatternMatch,IDDFS,4,25,1625,17505,12,true,0
PatternMatch,IDDFS,4,26,1626,17640,12,true,0
PatternMatch,IDDFS,4,27,1627,17437,12,true,0
PatternMatch,IDDFS,4,28,1628,17434,12,true,0
PatternMatch,IDDFS,4,29,1629,17723,12,true,0
PatternMatch,IDDFS,4,30,1630,17553,12,true,0
PatternMatch,Naive,6,1,2401,826,18,true,0
PatternMatch,Naive,6,2,2402,842,18,true,0
PatternMatch,Naive,6,3,2403,838,18,true,0
PatternMatch,Naive,6,4,2404,861,18,true,0
PatternMatch,Naive,6,5,2405,824,18,true,0
PatternMatch,Naive,6,6,2406,867,18,true,0
PatternMatch,Naive,6,7,2407,858,18,true,0
PatternMatch,Naive,6,8,2408,834,18,true,0
PatternMatch,Naive,6,9,2409,851,18,true,0
PatternMatch,Naive,6,10,2410,867,18,true,0
PatternMatch,Naive,6,11,2411,815,18,true,0
PatternMatch,Naive,6,12,2412,834,18,true,0
PatternMatch,Naive,6,13,2413,850,18,true,0
PatternMatch,Naive,6,14,2414,885,18,true,0
PatternMatch,Naive,6,15,2415,867,18,true,0
PatternMatch,Naive,6,16,2416,878,18,true,0
PatternMatch,Naive,6,17,2417,846,18,true,0
PatternMatch,Naive,6,18,2418,870,18,true,0
PatternMatch,Naive,6,19,2419,860,18,true,0
PatternMatch,Naive,6,20,2420,880,18,true,0
PatternMatch,Naive,6,21,2421,868,18,true,0
PatternMatch,Naive,6,22,2422,887,18,true,0
PatternMatch,Naive,6,23,2423,872,18,true,0
PatternMatch,Naive,6,24,2424,870,18,true,0
PatternMatch,Naive,6,25,2425,893,18,true,0
PatternMatch,Naive,6,26,2426,877,18,true,0
PatternMatch,Naive,6,27,2427,841,18,true,0
PatternMatch,Naive,6,28,2428,860,18,true,0
PatternMatch,Naive,6,29,2429,896,18,true,0
PatternMatch,Naive,6,30,2430,890,18,true,0
PatternMatch,KMP,6,1,2401,858,18,true,0
PatternMatch,KMP,6,2,2402,880,18,true,0
PatternMatch,KMP,6,3,2403,875,18,true,0
PatternMatch,KMP,6,4,2404,899,18,true,0
PatternMatch,KMP,6,5,2405,860,18,true,0
PatternMatch,KMP,6,6,2406,906,18,true,0
PatternMatch,KMP,6,7,2407,898,18,true,0
PatternMatch,KMP,6,8,2408,871,18,true,0
PatternMatch,KMP,6,9,2409,886,18,true,0
PatternMatch,KMP,6,10,2410,906,18,true,0
PatternMatch,KMP,6,11,2411,850,18,true,0
PatternMatch,KMP,6,12,2412,872,18,true,0
PatternMatch,KMP,6,13,2413,890,18,true,0
PatternMatch,KMP,6,14,2414,918,18,true,0
PatternMatch,KMP,6,15,2415,889,18,true,0
PatternMatch,KMP,6,16,2416,913,18,true,0
PatternMatch,KMP,6,17,2417,883,18,true,0
PatternMatch,KMP,6,18,2418,900,18,true,0
PatternMatch,KMP,6,19,2419,889,18,true,0
PatternMatch,KMP,6,20,2420,915,18,true,0
PatternMatch,KMP,6,21,2421,907,18,true,0
PatternMatch,KMP,6,22,2422,910,18,true,0
PatternMatch,KMP,6,23,2423,911,18,true,0
PatternMatch,KMP,6,24,2424,907,18,true,0
PatternMatch,KMP,6,25,2425,927,18,true,0
PatternMatch,KMP,6,26,2426,912,18,true,0
PatternMatch,KMP,6,27,2427,873,18,true,0
PatternMatch,KMP,6,28,2428,900,18,true,0
PatternMatch,KMP,6,29,2429,931,18,true,0
PatternMatch,KMP,6,30,2430,926,18,true,0
PatternMatch,IDDFS,6,1,2401,39673,18,true,0
PatternMatch,IDDFS,6,2,2402,40371,18,true,0
PatternMatch,IDDFS,6,3,2403,40163,18,true,0
PatternMatch,IDDFS,6,4,2404,41017,18,true,0
PatternMatch,IDDFS,6,5,2405,41114,18,true,0
PatternMatch,IDDFS,6,6,2406,40958,18,true,0
PatternMatch,IDDFS,6,7,2407,40839,18,true,0
PatternMatch,IDDFS,6,8,2408,40538,18,true,0
PatternMatch,IDDFS,6,9,2409,40368,18,true,0
PatternMatch,IDDFS,6,10,2410,40625,18,true,0
PatternMatch,IDDFS,6,11,2411,40103,18,true,0
PatternMatch,IDDFS,6,12,2412,40253,18,true,0
PatternMatch,IDDFS,6,13,2413,40193,18,true,0
PatternMatch,IDDFS,6,14,2414,41054,18,true,0
PatternMatch,IDDFS,6,15,2415,40112,18,true,0
PatternMatch,IDDFS,6,16,2416,40646,18,true,0
PatternMatch,IDDFS,6,17,2417,39844,18,true,0
PatternMatch,IDDFS,6,18,2418,40118,18,true,0
PatternMatch,IDDFS,6,19,2419,40111,18,true,0
PatternMatch,IDDFS,6,20,2420,40733,18,true,0
PatternMatch,IDDFS,6,21,2421,41253,18,true,0
PatternMatch,IDDFS,6,22,2422,40541,18,true,0
PatternMatch,IDDFS,6,23,2423,40965,18,true,0
PatternMatch,IDDFS,6,24,2424,40426,18,true,0
PatternMatch,IDDFS,6,25,2425,40926,18,true,0
PatternMatch,IDDFS,6,26,2426,40496,18,true,0
PatternMatch,IDDFS,6,27,2427,39596,18,true,0
PatternMatch,IDDFS,6,28,2428,39759,18,true,0
PatternMatch,IDDFS,6,29,2429,40686,18,true,0
PatternMatch,IDDFS,6,30,2430,40349,18,true,0
PatternMatch,Naive,8,1,3201,1124,24,true,0
PatternMatch,Naive,8,2,3202,1122,24,true,0
PatternMatch,Naive,8,3,3203,1113,24,true,0
PatternMatch,Naive,8,4,3204,1153,24,true,0
PatternMatch,Naive,8,5,3205,1153,24,true,0
PatternMatch,Naive,8,6,3206,1154,24,true,0
PatternMatch,Naive,8,7,3207,1140,24,true,0
PatternMatch,Naive,8,8,3208,1120,24,true,0
PatternMatch,Naive,8,9,3209,1165,24,true,0
PatternMatch,Naive,8,10,3210,1161,24,true,0
PatternMatch,Naive,8,11,3211,1152,24,true,0
PatternMatch,Naive,8,12,3212,1133,24,true,0
PatternMatch,Naive,8,13,3213,1160,24,true,0
PatternMatch,Naive,8,14,3214,1142,24,true,0
PatternMatch,Naive,8,15,3215,1121,24,true,0
PatternMatch,Naive,8,16,3216,1105,24,true,0
PatternMatch,Naive,8,17,3217,1134,24,true,0
PatternMatch,Naive,8,18,3218,1164,24,true,0
PatternMatch,Naive,8,19,3219,1140,24,true,0
PatternMatch,Naive,8,20,3220,1156,24,true,0
PatternMatch,Naive,8,21,3221,1158,24,true,0
PatternMatch,Naive,8,22,3222,1159,24,true,0
PatternMatch,Naive,8,23,3223,1127,24,true,0
PatternMatch,Naive,8,24,3224,1130,24,true,0
PatternMatch,Naive,8,25,3225,1143,24,true,0
PatternMatch,Naive,8,26,3226,1171,24,true,0
PatternMatch,Naive,8,27,3227,1143,24,true,0
PatternMatch,Naive,8,28,3228,1180,24,true,0
PatternMatch,Naive,8,29,3229,1168,24,true,0
PatternMatch,Naive,8,30,3230,1162,24,true,0
PatternMatch,KMP,8,1,3201,1175,24,true,0
PatternMatch,KMP,8,2,3202,1158,24,true,0
PatternMatch,KMP,8,3,3203,1162,24,true,0
PatternMatch,KMP,8,4,3204,1197,24,true,0
PatternMatch,KMP,8,5,3205,1202,24,true,0
PatternMatch,KMP,8,6,3206,1187,24,true,0
PatternMatch,KMP,8,7,3207,1188,24,true,0
PatternMatch,KMP,8,8,3208,1177,24,true,0
PatternMatch,KMP,8,9,3209,1216,24,true,0
PatternMatch,KMP,8,10,3210,1216,24,true,0
PatternMatch,KMP,8,11,3211,1206,24,true,0
PatternMatch,KMP,8,12,3212,1165,24,true,0
PatternMatch,KMP,8,13,3213,1214,24,true,0
PatternMatch,KMP,8,14,3214,1191,24,true,0
PatternMatch,KMP,8,15,3215,1172,24,true,0
PatternMatch,KMP,8,16,3216,1146,24,true,0
PatternMatch,KMP,8,17,3217,1186,24,true,0
PatternMatch,KMP,8,18,3218,1216,24,true,0
PatternMatch,KMP,8,19,3219,1182,24,true,0
PatternMatch,KMP,8,20,3220,1205,24,true,0
PatternMatch,KMP,8,21,3221,1212,24,true,0
PatternMatch,KMP,8,22,3222,1210,24,true,0
PatternMatch,KMP,8,23,3223,1173,24,true,0
PatternMatch,KMP,8,24,3224,1181,24,true,0
PatternMatch,KMP,8,25,3225,1192,24,true,0
PatternMatch,KMP,8,26,3226,1221,24,true,0
PatternMatch,KMP,8,27,3227,1200,24,true,0
PatternMatch,KMP,8,28,3228,1212,24,true,0
PatternMatch,KMP,8,29,3229,1218,24,true,0
PatternMatch,KMP,8,30,3230,1211,24,true,0
PatternMatch,IDDFS,8,1,3201,72191,24,true,0
PatternMatch,IDDFS,8,2,3202,73166,24,true,0
PatternMatch,IDDFS,8,3,3203,73084,24,true,0
PatternMatch,IDDFS,8,4,3204,72645,24,true,0
PatternMatch,IDDFS,8,5,3205,73603,24,true,0
PatternMatch,IDDFS,8,6,3206,72841,24,true,0
PatternMatch,IDDFS,8,7,3207,73740,24,true,0
PatternMatch,IDDFS,8,8,3208,72982,24,true,0
PatternMatch,IDDFS,8,9,3209,73920,24,true,0
PatternMatch,IDDFS,8,10,3210,73198,24,true,0
PatternMatch,IDDFS,8,11,3211,73532,24,true,0
PatternMatch,IDDFS,8,12,3212,72595,24,true,0
PatternMatch,IDDFS,8,13,3213,74771,24,true,0
PatternMatch,IDDFS,8,14,3214,73234,24,true,0
PatternMatch,IDDFS,8,15,3215,72173,24,true,0
PatternMatch,IDDFS,8,16,3216,71260,24,true,0
PatternMatch,IDDFS,8,17,3217,72326,24,true,0
PatternMatch,IDDFS,8,18,3218,72547,24,true,0
PatternMatch,IDDFS,8,19,3219,73348,24,true,0
PatternMatch,IDDFS,8,20,3220,73553,24,true,0
PatternMatch,IDDFS,8,21,3221,72240,24,true,0
PatternMatch,IDDFS,8,22,3222,73198,24,true,0
PatternMatch,IDDFS,8,23,3223,72933,24,true,0
PatternMatch,IDDFS,8,24,3224,73136,24,true,0
PatternMatch,IDDFS,8,25,3225,72578,24,true,0
PatternMatch,IDDFS,8,26,3226,73224,24,true,0
PatternMatch,IDDFS,8,27,3227,73306,24,true,0
PatternMatch,IDDFS,8,28,3228,73635,24,true,0
PatternMatch,IDDFS,8,29,3229,72684,24,true,0
PatternMatch,IDDFS,8,30,3230,73474,24,true,0
PatternMatch,Naive,10,1,4001,1411,30,true,0
PatternMatch,Naive,10,2,4002,1395,30,true,0
PatternMatch,Naive,10,3,4003,1386,30,true,0
PatternMatch,Naive,10,4,4004,1396,30,true,0
PatternMatch,Naive,10,5,4005,1428,30,true,0
PatternMatch,Naive,10,6,4006,1409,30,true,0
PatternMatch,Naive,10,7,4007,1435,30,true,0
PatternMatch,Naive,10,8,4008,1404,30,true,0
PatternMatch,Naive,10,9,4009,1408,30,true,0
PatternMatch,Naive,10,10,4010,1428,30,true,0
PatternMatch,Naive,10,11,4011,1400,30,true,0
PatternMatch,Naive,10,12,4012,1464,30,true,0
PatternMatch,Naive,10,13,4013,1397,30,true,0
PatternMatch,Naive,10,14,4014,1399,30,true,0
PatternMatch,Naive,10,15,4015,1397,30,true,0
PatternMatch,Naive,10,16,4016,1429,30,true,0
PatternMatch,Naive,10,17,4017,1379,30,true,0
PatternMatch,Naive,10,18,4018,1413,30,true,0
PatternMatch,Naive,10,19,4019,1406,30,true,0
PatternMatch,Naive,10,20,4020,1426,30,true,0
PatternMatch,Naive,10,21,4021,1412,30,true,0
PatternMatch,Naive,10,22,4022,1430,30,true,0
PatternMatch,Naive,10,23,4023,1434,30,true,0
PatternMatch,Naive,10,24,4024,1446,30,true,0
PatternMatch,Naive,10,25,4025,1429,30,true,0
PatternMatch,Naive,10,26,4026,1415,30,true,0
PatternMatch,Naive,10,27,4027,1438,30,true,0
PatternMatch,Naive,10,28,4028,1444,30,true,0
PatternMatch,Naive,10,29,4029,1445,30,true,0
PatternMatch,Naive,10,30,4030,1443,30,true,0
PatternMatch,KMP,10,1,4001,1480,30,true,0
PatternMatch,KMP,10,2,4002,1456,30,true,0
PatternMatch,KMP,10,3,4003,1451,30,true,0
PatternMatch,KMP,10,4,4004,1448,30,true,0
PatternMatch,KMP,10,5,4005,1489,30,true,0
PatternMatch,KMP,10,6,4006,1473,30,true,0
PatternMatch,KMP,10,7,4007,1468,30,true,0
PatternMatch,KMP,10,8,4008,1469,30,true,0
PatternMatch,KMP,10,9,4009,1458,30,true,0
PatternMatch,KMP,10,10,4010,1493,30,true,0
PatternMatch,KMP,10,11,4011,1465,30,true,0
PatternMatch,KMP,10,12,4012,1531,30,true,0
PatternMatch,KMP,10,13,4013,1453,30,true,0
PatternMatch,KMP,10,14,4014,1462,30,true,0
PatternMatch,KMP,10,15,4015,1461,30,true,0
PatternMatch,KMP,10,16,4016,1494,30,true,0
PatternMatch,KMP,10,17,4017,1433,30,true,0
PatternMatch,KMP,10,18,4018,1480,30,true,0
PatternMatch,KMP,10,19,4019,1470,30,true,0
PatternMatch,KMP,10,20,4020,1494,30,true,0
PatternMatch,KMP,10,21,4021,1458,30,true,0
PatternMatch,KMP,10,22,4022,1493,30,true,0
PatternMatch,KMP,10,23,4023,1496,30,true,0
PatternMatch,KMP,10,24,4024,1514,30,true,0
PatternMatch,KMP,10,25,4025,1493,30,true,0
PatternMatch,KMP,10,26,4026,1463,30,true,0
PatternMatch,KMP,10,27,4027,1506,30,true,0
PatternMatch,KMP,10,28,4028,1512,30,true,0
PatternMatch,KMP,10,29,4029,1507,30,true,0
PatternMatch,KMP,10,30,4030,1511,30,true,0
PatternMatch,IDDFS,10,1,4001,114880,30,true,0
PatternMatch,IDDFS,10,2,4002,115246,30,true,0
PatternMatch,IDDFS,10,3,4003,115658,30,true,0
PatternMatch,IDDFS,10,4,4004,114330,30,true,0
PatternMatch,IDDFS,10,5,4005,117619,30,true,0
PatternMatch,IDDFS,10,6,4006,115123,30,true,0
PatternMatch,IDDFS,10,7,4007,115385,30,true,0
PatternMatch,IDDFS,10,8,4008,115560,30,true,0
PatternMatch,IDDFS,10,9,4009,114430,30,true,0
PatternMatch,IDDFS,10,10,4010,115281,30,true,0
PatternMatch,IDDFS,10,11,4011,114669,30,true,0
PatternMatch,IDDFS,10,12,4012,115952,30,true,0
PatternMatch,IDDFS,10,13,4013,113396,30,true,0
PatternMatch,IDDFS,10,14,4014,115319,30,true,0
PatternMatch,IDDFS,10,15,4015,114214,30,true,0
PatternMatch,IDDFS,10,16,4016,115829,30,true,0
PatternMatch,IDDFS,10,17,4017,113566,30,true,0
PatternMatch,IDDFS,10,18,4018,114919,30,true,0
PatternMatch,IDDFS,10,19,4019,114813,30,true,0
PatternMatch,IDDFS,10,20,4020,115301,30,true,0
PatternMatch,IDDFS,10,21,4021,115453,30,true,0
PatternMatch,IDDFS,10,22,4022,114579,30,true,0
PatternMatch,IDDFS,10,23,4023,115542,30,true,0
PatternMatch,IDDFS,10,24,4024,117225,30,true,0
PatternMatch,IDDFS,10,25,4025,115505,30,true,0
PatternMatch,IDDFS,10,26,4026,115212,30,true,0
PatternMatch,IDDFS,10,27,4027,115991,30,true,0
PatternMatch,IDDFS,10,28,4028,116261,30,true,0
PatternMatch,IDDFS,10,29,4029,115482,30,true,0
PatternMatch,IDDFS,10,30,4030,115068,30,true,0
PatternMatch,Naive,12,1,4801,1687,36,true,0
PatternMatch,Naive,12,2,4802,1677,36,true,0
PatternMatch,Naive,12,3,4803,1654,36,true,0
PatternMatch,Naive,12,4,4804,1709,36,true,0
PatternMatch,Naive,12,5,4805,1751,36,true,0
PatternMatch,Naive,12,6,4806,1652,36,true,0
PatternMatch,Naive,12,7,4807,1667,36,true,0
PatternMatch,Naive,12,8,4808,1717,36,true,0
PatternMatch,Naive,12,9,4809,1670,36,true,0
PatternMatch,Naive,12,10,4810,1691,36,true,0
PatternMatch,Naive,12,11,4811,1675,36,true,0
PatternMatch,Naive,12,12,4812,1712,36,true,0
PatternMatch,Naive,12,13,4813,1704,36,true,0
PatternMatch,Naive,12,14,4814,1709,36,true,0
PatternMatch,Naive,12,15,4815,1714,36,true,0
PatternMatch,Naive,12,16,4816,1695,36,true,0
PatternMatch,Naive,12,17,4817,1684,36,true,0
PatternMatch,Naive,12,18,4818,1689,36,true,0
PatternMatch,Naive,12,19,4819,1708,36,true,0
PatternMatch,Naive,12,20,4820,1678,36,true,0
PatternMatch,Naive,12,21,4821,1703,36,true,0
PatternMatch,Naive,12,22,4822,1733,36,true,0
PatternMatch,Naive,12,23,4823,1689,36,true,0
PatternMatch,Naive,12,24,4824,1682,36,true,0
PatternMatch,Naive,12,25,4825,1718,36,true,0
PatternMatch,Naive,12,26,4826,1705,36,true,0
PatternMatch,Naive,12,27,4827,1742,36,true,0
PatternMatch,Naive,12,28,4828,1724,36,true,0
PatternMatch,Naive,12,29,4829,1714,36,true,0
PatternMatch,Naive,12,30,4830,1695,36,true,0
PatternMatch,KMP,12,1,4801,1767,36,true,0
PatternMatch,KMP,12,2,4802,1764,36,true,0
PatternMatch,KMP,12,3,4803,1711,36,true,0
PatternMatch,KMP,12,4,4804,1792,36,true,0
PatternMatch,KMP,12,5,4805,1827,36,true,0
PatternMatch,KMP,12,6,4806,1724,36,true,0
PatternMatch,KMP,12,7,4807,1731,36,true,0
PatternMatch,KMP,12,8,4808,1805,36,true,0
PatternMatch,KMP,12,9,4809,1735,36,true,0
PatternMatch,KMP,12,10,4810,1774,36,true,0
PatternMatch,KMP,12,11,4811,1747,36,true,0
PatternMatch,KMP,12,12,4812,1787,36,true,0
PatternMatch,KMP,12,13,4813,1779,36,true,0
PatternMatch,KMP,12,14,4814,1792,36,true,0
PatternMatch,KMP,12,15,4815,1795,36,true,0
PatternMatch,KMP,12,16,4816,1757,36,true,0
PatternMatch,KMP,12,17,4817,1763,36,true,0
PatternMatch,KMP,12,18,4818,1771,36,true,0
PatternMatch,KMP,12,19,4819,1788,36,true,0
PatternMatch,KMP,12,20,4820,1749,36,true,0
PatternMatch,KMP,12,21,4821,1783,36,true,0
PatternMatch,KMP,12,22,4822,1807,36,true,0
PatternMatch,KMP,12,23,4823,1764,36,true,0
PatternMatch,KMP,12,24,4824,1745,36,true,0
PatternMatch,KMP,12,25,4825,1783,36,true,0
PatternMatch,KMP,12,26,4826,1784,36,true,0
PatternMatch,KMP,12,27,4827,1821,36,true,0
PatternMatch,KMP,12,28,4828,1802,36,true,0
PatternMatch,KMP,12,29,4829,1776,36,true,0
PatternMatch,KMP,12,30,4830,1781,36,true,0
PatternMatch,IDDFS,12,1,4801,166318,36,true,1
PatternMatch,IDDFS,12,2,4802,167231,36,true,1
PatternMatch,IDDFS,12,3,4803,165722,36,true,1
PatternMatch,IDDFS,12,4,4804,167494,36,true,1
PatternMatch,IDDFS,12,5,4805,168029,36,true,1
PatternMatch,IDDFS,12,6,4806,164694,36,true,0
PatternMatch,IDDFS,12,7,4807,164888,36,true,0
PatternMatch,IDDFS,12,8,4808,168887,36,true,1
PatternMatch,IDDFS,12,9,4809,166239,36,true,0
PatternMatch,IDDFS,12,10,4810,166460,36,true,1
PatternMatch,IDDFS,12,11,4811,165594,36,true,0
PatternMatch,IDDFS,12,12,4812,165492,36,true,1
PatternMatch,IDDFS,12,13,4813,167919,36,true,1
PatternMatch,IDDFS,12,14,4814,166297,36,true,1
PatternMatch,IDDFS,12,15,4815,168993,36,true,1
PatternMatch,IDDFS,12,16,4816,168070,36,true,1
PatternMatch,IDDFS,12,17,4817,167160,36,true,1
PatternMatch,IDDFS,12,18,4818,167753,36,true,1
PatternMatch,IDDFS,12,19,4819,167969,36,true,1
PatternMatch,IDDFS,12,20,4820,164984,36,true,1
PatternMatch,IDDFS,12,21,4821,167122,36,true,1
PatternMatch,IDDFS,12,22,4822,167097,36,true,1
PatternMatch,IDDFS,12,23,4823,166421,36,true,1
PatternMatch,IDDFS,12,24,4824,165546,36,true,1
PatternMatch,IDDFS,12,25,4825,167824,36,true,1
PatternMatch,IDDFS,12,26,4826,166626,36,true,1
PatternMatch,IDDFS,12,27,4827,167444,36,true,1
PatternMatch,IDDFS,12,28,4828,165812,36,true,0
PatternMatch,IDDFS,12,29,4829,167251,36,true,0
PatternMatch,IDDFS,12,30,4830,167713,36,true,0
