domain,algorithm,depth,trials,mean_metric,std_metric,mean_u,solved_rate,mean_q,r_mean,metric_name
Grid,A*,4,30,216.600000,9.765927,31.333333,1.000000,1.000000,NaN,node_expansions
Grid,A*,6,30,490.933333,14.059240,47.333333,1.000000,1.000000,NaN,node_expansions
Grid,A*,8,30,874.466667,9.959027,63.400000,1.000000,1.000000,NaN,node_expansions
Grid,A*,10,30,1361.200000,15.190787,79.933333,1.000000,1.000000,NaN,node_expansions
Grid,A*,12,30,1965.133333,19.034588,96.133333,1.000000,1.000000,NaN,node_expansions
Grid,BFS,4,30,222.233333,5.289507,31.000000,1.000000,0.692048,NaN,node_expansions
Grid,BFS,6,30,497.266667,8.992342,47.000000,1.000000,0.692048,NaN,node_expansions
Grid,BFS,8,30,878.800000,9.148406,63.000000,1.000000,0.692048,NaN,node_expansions
Grid,BFS,10,30,1367.266667,12.513815,79.000000,1.000000,0.692048,NaN,node_expansions
Grid,BFS,12,30,1970.200000,17.259587,95.000000,1.000000,0.692048,NaN,node_expansions
Grid,Dijkstra,4,30,220.066667,6.464948,31.333333,1.000000,1.000000,NaN,node_expansions
Grid,Dijkstra,6,30,495.366667,9.714194,47.333333,1.000000,1.000000,NaN,node_expansions
Grid,Dijkstra,8,30,877.500000,9.171514,63.400000,1.000000,1.000000,NaN,node_expansions
Grid,Dijkstra,10,30,1365.366667,13.491932,80.000000,1.000000,1.000000,NaN,node_expansions
Grid,Dijkstra,12,30,1968.200000,17.375078,96.000000,1.000000,1.000000,NaN,node_expansions
Grid,GBFS,4,30,37.166667,5.164516,34.133333,1.000000,0.624052,NaN,node_expansions
Grid,GBFS,6,30,55.400000,3.702252,51.666667,1.000000,0.624052,NaN,node_expansions
Grid,GBFS,8,30,78.600000,14.300583,71.533333,1.000000,0.624052,NaN,node_expansions
Grid,GBFS,10,30,95.533333,9.955680,87.866667,1.000000,0.624052,NaN,node_expansions
Grid,GBFS,12,30,114.600000,14.752627,106.133333,1.000000,0.624052,NaN,node_expansions
Grid,IDA*,4,30,2081027.000000,0.000000,33.000000,0.033333,1.000000,NaN,node_expansions
Grid,IDA*,6,30,3000000.000000,0.000000,0.000000,0.000000,1.000000,NaN,node_expansions
Grid,IDA*,8,30,3000000.000000,0.000000,0.000000,0.000000,1.000000,NaN,node_expansions
Grid,IDA*,10,30,3000000.000000,0.000000,0.000000,0.000000,1.000000,NaN,node_expansions
Grid,IDA*,12,30,3000000.000000,0.000000,0.000000,0.000000,1.000000,NaN,node_expansions
Grid,WA*(1.5),4,30,212.033333,13.871994,31.333333,1.000000,1.000000,NaN,node_expansions
Grid,WA*(1.5),6,30,483.366667,23.169640,47.333333,1.000000,1.000000,NaN,node_expansions
Grid,WA*(1.5),8,30,866.300000,20.743111,63.400000,1.000000,1.000000,NaN,node_expansions
Grid,WA*(1.5),10,30,1354.200000,18.933920,80.000000,1.000000,1.000000,NaN,node_expansions
Grid,WA*(1.5),12,30,1958.233333,26.070013,96.133333,1.000000,1.000000,NaN,node_expansions
GameTree,AlphaBeta,4,30,150.266667,26.313410,5.000000,1.000000,NaN,2.278184,node_expansions
GameTree,AlphaBeta,6,30,1213.666667,188.041898,7.000000,1.000000,NaN,2.079919,node_expansions
GameTree,AlphaBeta,8,30,8481.666667,1110.519138,9.000000,1.000000,NaN,2.015420,node_expansions
GameTree,AlphaBeta,10,30,54452.166667,10350.086973,11.000000,1.000000,NaN,1.978702,node_expansions
GameTree,AlphaBeta,12,30,52329.833333,6915.722103,11.000000,1.000000,NaN,1.975901,node_expansions
GameTree,MiniMax,4,30,341.000000,0.000000,5.000000,1.000000,NaN,4.000000,node_expansions
GameTree,MiniMax,6,30,5461.000000,0.000000,7.000000,1.000000,NaN,4.000000,node_expansions
GameTree,MiniMax,8,30,87381.000000,0.000000,9.000000,1.000000,NaN,4.000000,node_expansions
GameTree,MiniMax,10,30,1398101.000000,0.000000,11.000000,1.000000,NaN,4.000000,node_expansions
GameTree,MiniMax,12,30,1398101.000000,0.000000,11.000000,1.000000,NaN,4.000000,node_expansions
MAPF,PrioritisedPlanning,4,30,28.666667,6.944222,14.333333,1.000000,NaN,NaN,node_expansions
MAPF,PrioritisedPlanning,6,30,35.034483,3.872830,17.103448,0.966667,NaN,NaN,node_expansions
MAPF,PrioritisedPlanning,8,30,84.033333,16.942025,34.133333,1.000000,NaN,NaN,node_expansions
MAPF,PrioritisedPlanning,10,30,114.642857,15.563727,43.214286,0.933333,NaN,NaN,node_expansions
MAPF,PrioritisedPlanning,12,30,210.413793,35.175930,70.137931,0.966667,NaN,NaN,node_expansions
PatternMatch,IDDFS,4,30,17516.500000,191.903752,12.000000,1.000000,NaN,NaN,comparisons
PatternMatch,IDDFS,6,30,40461.000000,437.457122,18.000000,1.000000,NaN,NaN,comparisons
PatternMatch,IDDFS,8,30,73037.233333,651.192787,24.000000,1.000000,NaN,NaN,comparisons
PatternMatch,IDDFS,10,30,115260.266667,867.650426,30.000000,1.000000,NaN,NaN,comparisons
PatternMatch,IDDFS,12,30,166834.966667,1134.636990,36.000000,1.000000,NaN,NaN,comparisons
PatternMatch,KMP,4,30,604.833333,15.093229,12.000000,1.000000,NaN,NaN,comparisons
PatternMatch,KMP,6,30,895.400000,20.864004,18.000000,1.000000,NaN,NaN,comparisons
PatternMatch,KMP,8,30,1193.033333,20.175040,24.000000,1.000000,NaN,NaN,comparisons
PatternMatch,KMP,10,30,1479.366667,23.331643,30.000000,1.000000,NaN,NaN,comparisons
PatternMatch,KMP,12,30,1773.466667,27.288256,36.000000,1.000000,NaN,NaN,comparisons
PatternMatch,Naive,4,30,582.066667,15.461637,12.000000,1.000000,NaN,NaN,comparisons
PatternMatch,Naive,6,30,860.233333,21.280168,18.000000,1.000000,NaN,NaN,comparisons
PatternMatch,Naive,8,30,1145.100000,18.601702,24.000000,1.000000,NaN,NaN,comparisons
PatternMatch,Naive,10,30,1418.200000,20.239236,30.000000,1.000000,NaN,NaN,comparisons
PatternMatch,Naive,12,30,1698.266667,23.476134,36.000000,1.000000,NaN,NaN,comparisons
